State,Year,Commercial_Coal,Commercial_Natural_Gas,Commercial_Petroleum,Commercial_Distillate_Fuel_Oil,Commercial_Kerosene,Commercial_Wood,Commercial_Solar,Commercial_Wind,Commercial_Geothermal,Commercial_Hydropower,Electric_Power_Coal,Electric_Power_Natural Gas,Electric_Power_Distillate_Fuel_Oil,Electric_Power_Wood,Industrial_Coal,Industrial_Natural_Gas,Industrial_Petroleum,Industrial_Distillate_Fuel_Oil,Industrial_Kerosene,Industrial_Wood,Industrial_Solar,Industrial_Wind,Industrial_Geothermal,Industrial_Hydropower,Residential_Coal,Residential_Natural_Gas,Residential_Petroleum,Residential_Distillate_Fuel_Oil,Residential_Kerosene,Residential_Wood
Alaska,2010,8533,15998,12575,11111,92,299,0,0,74,0,5958,39963,2825,0,57,256892,56155,14180,2,39,0,0,0,0,0,18806,9359,8687,83,2302
Alaska,2011,9432,19647,11438,10060,104,288,0,0,88,0,5976,42344,3275,0,73,253842,63400,19095,2,111,0,0,0,0,0,20521,8682,8040,142,2232
Alaska,2012,9201,20135,9806,8541,79,252,0,0,85,0,6301,40266,2943,0,19,261160,63389,23392,1,111,0,0,0,0,0,21634,8362,7819,41,1865
Alaska,2013,8939,18711,7965,6743,27,292,0,0,85,0,5864,34003,3226,0,16,260132,61393,24346,1,111,0,0,0,0,0,19233,7312,6917,27,2434
Alaska,2014,8316,17942,8418,7287,16,305,0,0,85,0,9892,31986,2922,0,17,261256,55361,23176,2,114,0,0,0,0,0,17751,7075,6654,33,2463
Alaska,2015,8486,18491,10930,8756,17,862,0,0,85,0,11009,30230,3347,0,17,265996,51564,24013,1,114,0,0,0,0,0,18593,8163,7770,38,5889
Alaska,2016,6952,15970,7404,5951,21,1132,5,0,85,1552,9644,28232,4645,0,17,268421,48277,19902,1,114,0,0,0,0,0,17806,7581,7173,60,6389
Alaska,2017,7144,15355,7772,6568,0,996,6,0,85,1678,9214,28992,5068,0,18,279204,41045,11403,1,70,0,0,0,0,0,20000,8202,7755,0,5430
Alaska,2018,6931,14100,8696,7422,0,892,9,0,85,1599,10377,25364,4859,0,17,288131,33258,12271,0,70,0,0,0,0,0,18108,6855,6396,0,5942
Alaska,2019,6568,14365,8622,7309,0,801,11,0,85,1161,11035,24442,5016,0,17,297448,37406,9066,0,70,0,0,0,0,0,17698,6971,6574,0,5536
Alabama,2010,0,27492,9321,6569,12,929,3,0,0,0,649866,287408,1239,5215,68819,164057,69749,22246,86,138556,0,0,42,0,0,42872,9289,699,86,7149
Alabama,2011,0,25555,9864,6981,13,895,4,0,0,0,586053,349434,1080,4603,64979,173454,74079,23740,44,155192,0,0,42,0,0,37180,6008,62,70,6934
Alabama,2012,0,21896,8752,6471,5,784,9,0,0,0,474066,407721,815,3890,72938,193790,77598,30153,21,158929,0,0,42,0,0,28022,4326,104,15,5794
Alabama,2013,0,25734,6715,4236,14,908,25,0,0,0,488625,339804,626,4098,76426,201987,62604,23083,22,173097,0,0,42,0,0,35626,4791,89,15,7561
Alabama,2014,0,28124,6318,3900,17,946,26,0,0,0,488647,355113,1019,5041,87265,207914,58349,19862,21,163385,0,0,42,0,0,39842,5065,101,22,7652
Alabama,2015,0,25856,11215,4327,13,311,25,0,0,0,424833,410109,724,4550,69477,209554,63618,21783,26,156844,1,0,42,0,0,33653,5533,120,17,2123
Alabama,2016,0,24172,13225,4860,14,310,48,0,0,0,345578,425641,363,4810,64589,214096,68177,22823,22,155844,1,0,42,0,0,29155,5145,92,12,1749
Alabama,2017,0,23558,12196,4841,5,272,50,0,0,0,316065,391987,324,4711,62825,216675,65778,20479,11,161120,1,0,42,0,0,27077,4847,83,4,1484
Alabama,2018,0,27359,12801,4950,12,306,67,0,0,0,317234,443242,794,3384,59918,238755,63886,22837,18,161435,7,0,42,0,0,35669,5823,69,13,2038
Alabama,2019,0,25570,12410,4622,14,286,88,0,0,0,268395,430679,167,523,48785,236587,61581,20177,13,162162,9,0,42,0,0,31472,6068,23,11,1978
Arkansas,2010,0,40531,5747,3812,6,1336,11,0,0,0,286417,98514,318,1088,7272,89590,63334,33393,7,74685,0,0,7,0,0,36509,6134,55,31,10275
Arkansas,2011,0,40584,5126,3586,1,1286,14,0,0,0,300543,109196,469,1323,5576,93409,65379,30851,5,77673,0,0,7,0,0,34241,5133,58,12,9966
Arkansas,2012,0,41851,3745,2191,0,1126,19,0,0,0,291578,131825,305,1313,5154,89710,59625,29525,0,77744,0,0,12,0,0,26454,3849,25,5,8328
Arkansas,2013,0,48553,3506,2105,1,1306,23,0,0,0,322034,95845,374,1381,5065,96299,62706,32303,1,75715,0,0,12,0,0,35663,5123,24,7,10867
Arkansas,2014,0,51246,5148,3286,2,1360,23,0,0,0,333753,74137,260,2640,5461,97223,62016,29717,1,74245,0,0,12,0,0,38558,5011,31,16,10997
Arkansas,2015,0,48248,7798,3420,5,937,24,0,0,0,222218,113099,564,2670,4672,93078,49673,22360,5,68082,0,0,12,0,0,33463,4256,49,9,6398
Arkansas,2016,0,46382,6698,3075,5,918,28,0,0,0,241610,139024,416,3978,4827,94370,54754,20324,21,64684,0,0,12,0,0,27469,3279,75,7,5183
Arkansas,2017,0,48190,6725,3184,5,800,34,0,0,0,262907,130272,477,3261,4684,106092,50116,16373,12,66586,0,0,12,0,0,26080,2999,48,2,4361
Arkansas,2018,0,56224,7317,3401,14,1029,68,0,0,0,300080,155902,321,2895,4065,111919,51988,20287,17,65701,10,0,12,0,0,35466,4039,43,3,6851
Arkansas,2019,0,55846,7852,4001,16,998,173,0,0,0,235754,163318,449,2761,4045,110074,52784,19959,7,64256,30,0,12,0,0,34175,4103,4,4,6899
Arizona,2010,0,32479,8857,6928,4,400,592,0,42,0,447137,227944,678,2034,10772,19586,57539,28868,1,961,69,0,249,0,0,38445,4590,16,0,3074
Arizona,2011,0,33057,8816,6727,3,385,2164,0,50,0,449888,183896,556,2374,10021,22024,62265,32953,1,226,298,0,249,0,0,39094,5324,18,0,2981
Arizona,2012,0,32179,8508,6606,1,337,3161,0,48,0,411861,233668,437,2794,8709,23135,59569,32660,0,226,489,0,247,0,0,35693,3141,22,0,2491
Arizona,2013,0,33749,7974,5861,1,391,4078,0,48,0,450547,228437,465,2455,4318,22736,58817,33027,1,226,659,0,247,0,0,40729,3979,12,0,3251
Arizona,2014,0,31439,7877,5910,1,407,4812,0,48,0,442660,211640,624,3604,5189,23225,55492,29975,1,238,793,0,247,0,0,33442,4097,12,0,3290
Arizona,2015,0,31891,16963,6277,1,573,4886,0,48,0,380388,257855,532,3908,5434,21312,55808,25462,0,238,1369,0,247,0,0,36047,3514,6,0,3915
Arizona,2016,0,35423,16466,5001,1,574,4552,0,48,0,319810,264473,562,3870,4068,20589,62432,30543,1,238,1573,0,247,0,0,36579,4021,6,0,3240
Arizona,2017,0,32649,16626,5026,1,564,6070,0,48,0,329229,232643,615,3078,5283,20140,64061,33141,0,1299,153,0,247,0,0,34332,3942,7,0,3074
Arizona,2018,0,33073,16218,4533,0,650,6769,0,48,0,324958,296459,546,3499,6534,19932,59369,27827,0,1285,218,0,247,0,0,36517,4991,5,0,4330
Arizona,2019,0,35780,16716,3941,0,790,6909,0,48,0,251170,367765,717,3802,6557,19216,63270,29944,1,1285,123,0,247,0,0,43411,5549,2,2,5459
California,2010,0,253329,37429,27279,189,5199,5431,0,556,65,21776,755324,436,79022,33196,787410,392612,70470,69,25807,2272,0,1226,0,0,505530,33475,934,816,39988
California,2011,0,250867,34067,24180,144,5005,6836,0,659,45,19692,630122,365,69000,35572,767439,434956,77184,65,28507,3279,0,1226,0,0,522406,31320,628,625,38785
California,2012,0,258277,31630,21730,48,4384,9714,0,634,26,13153,876854,354,75213,30679,805491,411478,74834,33,27877,5247,1,1217,0,0,487614,23366,370,269,32410
California,2013,0,261502,29658,20122,43,5081,10955,10,634,50,6214,849409,357,74270,31938,850293,437756,74453,12,27486,6250,15,1217,0,0,494357,23630,551,257,42291
California,2014,0,244411,30359,19282,51,5294,13660,31,634,39,6866,858977,379,78215,32620,857807,422674,80077,96,24505,8000,16,1217,0,0,408754,19681,543,334,42800
California,2015,0,244468,79701,20982,47,3225,14378,50,634,32,0,833745,385,75669,30967,853080,424584,80541,21,23107,9750,37,1217,0,0,415935,21816,443,248,22025
California,2016,0,245346,83003,21149,78,3647,16847,57,634,113,0,688781,375,65909,32077,845763,440786,75647,19,24783,12812,49,1217,0,0,426390,23919,439,473,20589
California,2017,0,245783,84055,21509,57,3675,22621,54,634,175,0,621234,391,64914,33663,831737,444012,78061,6,23763,16214,45,1217,0,0,446314,22794,412,287,20030
California,2018,0,256345,85793,20776,45,3330,30370,52,634,99,0,635418,378,65681,33256,834480,439940,70291,4,23844,17288,46,1217,0,0,438159,24830,465,287,22176
California,2019,0,264692,86182,20026,46,3912,33643,53,634,120,0,587611,392,66766,30886,835569,427880,67158,4,24317,19708,46,1217,0,0,480485,26845,480,418,27045
Colorado,2010,6055,58642,7963,5823,26,1298,662,0,194,0,369089,95210,214,862,7479,208973,67406,21083,4,240,5,0,268,0,0,133463,12454,61,34,9985
Colorado,2011,3179,57579,8933,5853,19,1250,1068,54,230,0,362384,88084,248,893,3307,187114,58262,22608,4,354,9,29,268,0,0,134161,12075,84,10,9684
Colorado,2012,240,53756,6784,4580,7,1095,1343,52,221,0,363589,90079,133,850,6256,185647,57359,22949,2,354,12,32,266,0,0,120076,11232,77,5,8093
Colorado,2013,118,60782,6641,4390,10,1269,1477,50,221,67,355912,93978,105,1157,7502,181137,60743,24198,1,354,15,25,266,0,0,139516,13258,78,10,10560
Colorado,2014,151,60625,7342,4723,9,1322,1776,2,221,60,341975,101851,171,1827,8400,190774,65794,28289,1,361,19,32,266,0,0,138065,12190,164,5,10687
Colorado,2015,76,56980,14515,5152,6,1714,1792,36,221,60,331972,99410,86,1124,8059,199528,64914,24324,1,361,21,26,266,0,0,129193,11033,278,5,11707
Colorado,2016,34,57378,12758,3061,7,1900,1934,11,221,109,314876,104972,95,2312,6565,169533,60184,19566,3,361,21,31,266,0,0,128959,11171,64,9,10725
Colorado,2017,8,55874,15639,5123,2,1958,2069,11,221,128,309415,105741,104,2383,6412,170758,61742,26160,1,469,19,29,266,0,0,125643,10523,179,3,10671
Colorado,2018,0,59810,14246,4111,4,1699,2136,1,221,119,280637,138525,163,2318,3836,176710,72677,31907,4,467,22,28,266,0,0,137145,11762,154,2,11311
Colorado,2019,0,66666,17255,6149,6,1922,2099,14,221,118,269056,146107,115,2337,4282,189200,73897,31516,5,467,22,25,266,0,0,154040,13402,207,9,13285
Connecticut,2010,0,41689,15899,12047,46,822,196,0,0,0,28711,86627,358,13235,0,24730,22405,3858,715,4378,13,0,0,0,0,43815,71877,65811,242,6324
Connecticut,2011,0,46067,16019,12299,51,792,192,0,0,0,6081,110514,265,12526,0,26981,20619,3772,730,4329,15,0,0,0,0,45951,65612,59203,176,6134
Connecticut,2012,0,43677,12928,9944,8,693,234,0,0,0,9290,117541,223,12237,0,27778,16562,2808,203,4329,20,0,0,0,0,42340,60488,54568,78,5126
Connecticut,2013,0,47324,14788,11213,5,856,401,0,0,0,7679,109999,787,11252,0,30550,19860,3566,151,4329,38,0,0,0,0,47716,64777,57598,71,6688
Connecticut,2014,0,52643,14222,10796,38,900,646,0,0,0,9097,102964,861,13106,0,29159,18815,3134,429,4195,62,0,0,0,0,52615,65092,58038,95,6769
Connecticut,2015,0,53855,20862,12616,10,1109,843,0,0,0,6536,123181,1289,13653,0,26296,15255,2843,221,4195,92,0,0,0,0,52337,68001,60485,58,7566
Connecticut,2016,0,51657,16541,8692,21,940,1198,0,0,0,2340,126241,359,15911,0,24947,17849,2914,223,4195,146,0,0,0,0,47327,52373,45306,75,5304
Connecticut,2017,0,54014,14828,8240,36,1018,1445,0,0,0,2507,111655,525,13061,0,25259,18605,3124,176,3579,194,0,0,0,0,49815,54102,45050,48,5546
Connecticut,2018,0,59939,16268,8700,17,946,1819,0,0,0,4023,139856,1291,12719,0,25303,18266,3320,127,3491,228,0,0,0,0,54702,63589,54680,44,6296
Connecticut,2019,0,59386,14900,7212,23,969,2014,0,0,0,867,147715,176,12015,0,25262,17535,3069,47,3491,266,0,0,0,0,53808,61677,53200,64,6697
District of Columbia,2010,71,18807,2190,1046,1,3,60,0,0,0,0,0,2509,0,0,0,4688,53,0,0,0,0,0,0,0,13799,1223,1214,0,26
District of Columbia,2011,48,17160,2050,675,2,3,163,0,0,0,0,1023,1589,0,0,0,4399,133,0,0,0,0,0,0,0,12583,206,206,0,25
District of Columbia,2012,77,15809,783,736,0,3,191,0,0,0,0,0,147,0,0,0,4629,130,0,0,0,0,0,0,0,11587,1062,1061,0,21
District of Columbia,2013,4,17751,688,645,0,3,192,0,0,0,0,0,0,0,0,0,4667,93,0,0,0,0,0,0,0,13610,827,822,0,27
District of Columbia,2014,48,18250,612,574,0,3,213,0,0,0,0,0,0,0,0,0,4610,109,0,0,0,0,0,0,0,14854,814,804,0,27
District of Columbia,2015,44,17866,1040,719,0,0,214,0,0,0,0,0,0,498,0,0,4368,108,0,0,0,0,0,0,0,14088,1080,1074,0,0
District of Columbia,2016,34,16337,1025,642,1,1,141,0,0,0,0,0,0,784,0,0,3736,227,1,0,0,0,0,0,0,11880,113,108,0,6
District of Columbia,2017,30,16666,773,392,0,1,270,0,0,0,0,0,0,0,0,0,3727,66,0,0,0,0,0,0,0,12368,96,91,0,8
District of Columbia,2018,37,17219,939,547,0,0,389,0,0,0,0,0,0,0,0,0,3543,96,0,0,0,0,0,0,0,13584,685,681,0,0
District of Columbia,2019,5,16689,786,391,0,0,448,0,0,0,0,0,0,0,0,0,3033,103,0,0,0,0,0,0,0,12487,60,51,0,0
Delaware,2010,0,12495,2429,1278,9,181,47,0,0,0,30253,24891,561,1660,0,8180,14222,1647,24,36,2,0,0,0,0,10376,7390,3321,226,1392
Delaware,2011,0,10784,2135,1057,11,174,198,47,0,0,17881,39789,300,1783,0,20336,36866,1696,0,30,12,0,0,0,0,10323,5989,2677,141,1350
Delaware,2012,0,10319,2170,1068,4,153,254,35,0,0,17384,54664,204,1196,0,29555,34161,1321,0,30,17,0,0,0,0,8808,4744,2092,60,1128
Delaware,2013,0,11691,2132,1019,9,177,395,43,0,0,18254,43648,148,639,0,33654,30226,1269,6,30,28,0,0,0,0,10673,5448,2484,63,1472
Delaware,2014,0,12541,2595,1336,15,184,511,48,0,0,10238,48750,411,681,0,32723,29545,1583,0,28,36,0,0,0,0,11944,6099,2687,104,1490
Delaware,2015,0,12350,4183,1659,10,130,509,48,0,0,7149,47565,321,682,0,34874,30929,1885,0,28,39,0,0,0,0,11854,6116,2812,76,886
Delaware,2016,0,12977,3457,1171,11,120,234,49,0,0,5859,56342,454,583,2339,33080,31737,1573,1,28,34,0,0,0,0,10159,4436,2050,78,677
Delaware,2017,0,14022,2903,947,7,112,273,46,0,0,4804,46528,145,551,0,31292,31348,1401,1,22,47,0,0,0,0,10371,4098,1764,39,613
Delaware,2018,0,16276,3548,1311,9,93,294,47,0,0,4296,37651,1302,516,0,32132,30567,1422,1,23,81,0,0,0,0,12605,5411,2493,46,622
Delaware,2019,0,16263,3285,1009,11,97,315,47,0,0,2179,29121,128,577,0,35326,30791,1782,1,23,73,0,0,0,0,12145,5126,2470,48,668
Florida,2010,0,55374,33774,16179,88,2034,121,0,1840,0,615698,999482,12403,53214,21718,82997,104953,51528,25,100060,1,0,0,0,0,19198,9461,260,174,15644
Florida,2011,0,54342,26367,14515,68,1958,168,0,2355,0,540109,1059418,4621,50251,12622,91708,88816,36417,12,102315,2,0,0,0,0,16648,7326,156,62,15174
Florida,2012,0,55683,24858,14544,18,1715,353,0,2080,0,470212,1155145,2349,50413,12772,106176,80428,34521,4,98073,4,0,0,0,0,14635,5305,79,21,12680
Florida,2013,0,61035,27275,15796,11,1988,434,0,2080,0,490158,1050503,2573,51266,14996,105263,81694,37850,1,98412,5,0,0,0,0,15593,5055,63,19,16545
Florida,2014,0,64460,26498,15402,36,2071,622,0,2080,0,541872,1058227,2831,57709,16010,97547,85350,38082,2,89496,7,0,0,0,0,17143,5558,102,43,16744
Florida,2015,0,61734,50259,15483,21,39,698,0,2080,0,451546,1184190,2918,59593,14984,98791,99300,38721,1,96667,34,0,0,0,0,15791,5293,81,19,267
Florida,2016,0,64199,55979,14335,15,48,800,0,2080,0,413091,1207869,3450,55126,13097,106704,102094,37739,1,90402,53,0,0,0,0,15763,5664,71,33,273
Florida,2017,0,63320,50829,15456,15,37,887,0,2080,0,393366,1213642,3184,63369,14172,107037,105504,40875,1,87307,103,0,0,0,0,15423,6316,52,10,200
Florida,2018,0,65589,51190,14932,7,43,1058,0,2080,0,314869,1294916,2904,62165,12938,111353,102922,37766,1,84521,120,0,0,0,0,17570,6849,57,19,287
Florida,2019,0,64805,50239,13545,8,44,1289,0,2080,0,223238,1351480,1844,49780,10304,122660,97989,34634,1,86104,115,0,0,0,0,16944,6436,68,18,302
Georgia,2010,189,61450,10559,6193,138,1696,94,0,3,0,735954,179090,1154,3378,31763,149901,87393,28963,111,148976,1,0,4,219,0,141661,12992,122,198,13046
Georgia,2011,223,57645,9939,6272,121,1633,225,0,3,0,605294,199891,933,2880,29239,147610,77814,27369,31,153244,3,0,4,181,0,115423,9801,141,98,12653
Georgia,2012,189,52707,11720,8584,28,1430,408,0,4,0,413654,312656,745,3572,21703,148708,72568,30426,12,150268,6,0,6,177,0,99148,11557,57,29,10574
Georgia,2013,152,58066,12425,8932,54,1658,851,0,4,0,407385,284247,748,7322,18647,160386,72930,30345,9,156859,13,0,6,222,0,123480,8089,133,27,13797
Georgia,2014,99,60029,13004,9179,54,1727,914,0,4,0,461406,297025,1977,8752,21152,163502,70630,31479,29,168716,14,0,6,172,0,136706,9733,73,57,13963
Georgia,2015,60,55005,24419,9426,36,511,884,0,4,0,382491,366509,1376,9358,12114,161639,67690,28841,19,184712,20,0,6,198,0,120795,8652,68,34,3491
Georgia,2016,0,52773,25307,10075,124,589,283,0,4,0,388170,391261,1040,9566,11109,156602,80407,32044,32,185754,1419,0,6,144,0,119188,8432,79,41,3323
Georgia,2017,0,50571,24634,8855,20,450,303,0,4,0,335907,381812,1098,13530,8366,154378,89676,31041,14,177209,1662,0,6,177,0,114365,7084,61,21,2453
Georgia,2018,0,58080,24660,8094,33,500,336,0,4,0,331720,384379,2501,11587,8431,162764,86947,31062,24,180115,1981,0,6,97,0,136713,8930,104,93,3331
Georgia,2019,0,55033,22552,6245,35,411,398,0,4,0,265275,438067,863,14674,7834,160130,85725,25727,9,186027,2177,0,6,164,0,126519,8851,43,59,2842
Hawaii,2010,0,1848,3629,1528,0,48,379,0,5,0,15702,0,12971,40,1415,353,25654,1882,0,32,0,0,2,408,0,529,919,1,0,367
Hawaii,2011,0,1853,4213,1728,0,46,628,0,6,0,14775,0,13062,579,1305,379,25723,1972,0,22,0,0,2,472,0,509,855,1,0,356
Hawaii,2012,0,1935,3727,1537,0,40,1277,0,6,0,15432,0,12592,403,1140,371,23609,2166,0,22,0,0,2,559,0,503,1254,0,0,297
Hawaii,2013,0,1884,3837,1471,0,47,1632,0,6,0,13948,0,11980,519,1358,390,24373,1873,0,22,0,0,2,422,0,585,839,0,0,388
Hawaii,2014,0,1852,4426,1862,0,49,2168,0,6,0,15873,0,11845,609,1368,385,23375,2261,0,23,0,0,2,498,0,559,847,0,0,392
Hawaii,2015,0,1874,5180,1298,0,2,2267,0,6,0,14495,0,12297,853,1136,434,23759,1851,0,23,4,0,2,546,0,562,507,2,0,14
Hawaii,2016,0,2339,4816,904,0,2,2577,0,6,0,16160,0,11726,1076,271,81,22925,939,0,23,19,0,2,348,0,560,691,0,0,10
Hawaii,2017,0,2385,5816,1181,0,6,3314,0,6,0,14948,0,12053,1762,0,83,24681,1789,0,68,23,0,2,339,0,558,581,1,0,32
Hawaii,2018,0,2502,5842,1361,0,3,3697,0,6,0,14367,0,12407,1456,0,87,21374,1515,0,67,23,0,2,314,0,568,455,0,0,23
Hawaii,2019,0,2483,6554,1823,0,3,3873,0,6,0,14179,0,13344,1297,0,89,21308,2191,0,67,33,0,2,526,0,548,495,0,0,23
Iowa,2010,6127,51976,17106,2694,9,772,0,0,722,0,421662,12684,1055,1536,66005,168401,99857,35335,19,1004,0,0,0,0,0,68775,18849,1102,84,5935
Iowa,2011,5691,52338,17964,3924,9,743,1,37,708,0,387119,10006,911,1434,70327,168725,95882,34323,11,508,0,0,0,0,0,67696,19364,1457,62,5756
Iowa,2012,4910,44360,19128,5588,7,651,9,28,744,0,354097,16868,1174,1392,63588,171194,89944,36275,8,508,0,0,0,0,0,56611,15074,739,10,4810
Iowa,2013,4798,58243,19477,5566,6,754,33,34,744,0,333281,12364,1056,1384,64323,178609,107444,35624,7,508,1,0,0,0,0,74635,18202,739,11,6277
Iowa,2014,4778,59724,18647,5110,7,875,154,34,744,0,337689,10987,733,1704,58685,178990,109180,38282,16,972,6,0,0,0,0,79620,18596,775,22,6352
Iowa,2015,3943,51756,21089,5208,4,840,248,24,744,0,291814,17145,544,1860,52535,188195,108806,44119,10,972,9,0,0,0,0,66042,15827,780,15,5155
Iowa,2016,2979,52177,10175,5118,5,817,336,38,744,0,249619,22081,945,1941,45408,200221,111826,45547,16,972,24,0,0,0,0,64672,16052,623,32,4317
Iowa,2017,2783,52468,11246,5774,4,861,512,41,744,0,252876,31199,695,1932,44628,254570,110856,42866,9,875,30,0,0,0,0,63711,15582,974,27,4196
Iowa,2018,2404,60197,12687,5870,14,870,726,31,744,0,279344,50811,747,1796,43924,271085,109311,42468,7,1226,34,0,0,0,0,75122,23571,912,14,5152
Iowa,2019,2237,61643,14465,7117,7,1475,882,35,744,0,221328,49939,788,1630,42803,265648,116245,45882,19,1226,46,0,0,0,0,75888,26037,848,27,5585
Idaho,2010,199,15360,3351,2255,3,538,3,0,538,0,0,12583,1,1723,8328,24721,26983,14766,3,22293,0,0,764,0,0,24496,4831,905,9,4141
Idaho,2011,159,17152,3518,2380,2,518,3,0,649,0,0,8392,0,1762,7687,25840,28178,16050,2,18234,0,0,764,0,0,27137,5048,1051,6,4017
Idaho,2012,120,16084,3829,2159,1,454,12,0,613,0,0,13761,0,2336,5066,30244,24547,13608,1,17755,0,0,758,0,0,24296,4029,821,3,3356
Idaho,2013,84,18955,3416,2076,1,526,20,0,613,0,0,25131,1,3431,7881,28708,23871,13362,1,17336,0,0,758,0,0,28067,5609,755,2,4380
Idaho,2014,45,17266,3648,2115,1,548,20,0,613,0,0,18619,1,9263,7427,28547,25433,15183,1,17660,0,0,758,0,0,25056,4268,730,1,4432
Idaho,2015,0,17310,4961,1948,0,1759,24,0,613,0,0,28076,0,8313,4249,32822,26311,13045,1,17109,0,0,758,0,0,24329,3776,713,1,12015
Idaho,2016,0,18386,5618,2492,1,1980,29,0,613,0,0,23635,0,2384,2432,36370,22807,12774,1,16546,2,0,758,0,0,26004,3959,739,1,11178
Idaho,2017,0,20684,5017,2121,1,2319,37,0,613,0,0,21344,0,2400,2615,37562,21236,11633,1,16980,2,0,758,0,0,30119,4852,651,1,12639
Idaho,2018,0,19892,5488,2297,5,2124,48,0,613,0,0,24228,0,2242,2823,36237,23080,13415,1,18394,7,0,758,0,0,28607,4361,510,3,14144
Idaho,2019,0,21673,6206,3037,2,2285,54,0,613,0,0,32011,0,2180,2364,39967,19310,10062,1,16792,36,0,758,0,0,31834,5721,392,12,15796
Illinois,2010,3807,199553,9609,5145,57,1952,41,0,0,0,969140,46576,1137,9472,96090,288206,254851,34982,121,3399,0,0,0,0,0,419761,26259,675,193,15017
Illinois,2011,3354,217897,9274,5400,28,1880,41,0,0,0,938266,48384,926,8248,110605,286530,248435,35792,41,1292,0,0,0,0,0,422588,23128,635,136,14565
Illinois,2012,2881,190157,9185,5821,10,1646,84,0,0,18,852802,90330,787,8235,113611,280108,245025,35516,40,1275,1,0,0,0,0,364839,18847,378,40,12171
Illinois,2013,2968,234539,12435,7391,16,1908,79,0,0,17,912524,52996,781,8068,111434,298649,251936,39668,168,1275,1,0,0,0,0,459893,25910,444,57,15882
Illinois,2014,2752,252023,11318,7588,35,1988,152,37,0,27,905508,43145,966,8148,109595,301473,263551,44601,282,1421,2,0,0,0,0,490661,21492,488,94,16073
Illinois,2015,2160,221670,22594,6880,22,864,178,48,0,14,761523,85521,615,7095,86747,274511,263236,44600,34,1422,2,0,0,0,0,412894,19716,411,63,5900
Illinois,2016,2362,219407,22217,6630,32,929,219,44,0,13,619807,148834,771,6737,80298,263680,268744,42489,32,1421,2,0,0,0,0,399189,18826,426,100,5245
Illinois,2017,2327,222377,23088,6163,16,840,346,47,0,14,600607,145446,595,6104,82065,267352,265985,41570,12,2009,2,0,0,0,0,388810,18610,424,63,4577
Illinois,2018,2555,249054,22530,5849,22,886,587,43,0,10,621910,142826,610,6464,80109,270706,265485,44833,15,2101,7,0,0,0,0,451040,22823,490,47,5898
Illinois,2019,2007,255339,24405,6844,27,904,960,42,0,10,510424,176474,556,6266,79478,276838,273292,42687,27,2101,3,0,0,0,0,452296,28259,372,81,6250
Indiana,2010,7850,76825,9599,4096,148,1690,1,20,722,0,1174354,61761,1480,3202,267168,293194,135219,23091,123,3082,0,0,0,0,0,140134,19395,1494,596,12996
Indiana,2011,6914,76918,9506,3196,51,1627,27,12,924,0,1092097,86240,1667,3600,234430,330979,130222,28856,113,3542,0,0,0,0,0,133699,18592,1598,363,12605
Indiana,2012,4417,67475,9092,3843,19,1425,34,11,816,0,973320,116617,1202,3459,215728,349388,121132,30283,30,3542,0,0,0,0,0,116929,13376,1372,104,10533
Indiana,2013,3007,83785,9646,3818,19,1651,34,8,816,0,984376,82590,1420,3820,211229,362336,130213,26582,14,3542,0,0,0,0,0,146575,15435,1226,131,13745
Indiana,2014,3138,92516,10218,4790,101,1721,57,11,816,0,1033621,84802,1780,3746,184732,382762,128605,30743,63,3744,0,0,0,0,0,159397,15686,1191,234,13910
Indiana,2015,1382,79357,15099,4530,70,1828,61,9,816,0,836675,133618,1519,4128,169416,381682,138817,31288,56,3744,0,0,0,0,0,136142,13044,1235,162,12488
Indiana,2016,1518,76786,14692,4437,81,2137,68,7,816,0,777846,182590,1101,3964,169022,384616,129706,31058,42,3744,9,0,0,0,0,129516,12283,908,239,12066
Indiana,2017,1289,78358,13487,4060,47,1863,159,7,816,0,768886,139896,1147,4359,159096,394814,133086,34201,33,5524,11,0,0,0,0,128855,11818,944,112,10152
Indiana,2018,1422,90146,15090,4446,36,1981,600,0,816,0,828299,206154,1236,4382,155947,438717,139048,33713,22,5612,27,0,0,0,0,150829,14775,1151,103,13191
Indiana,2019,1397,92792,16313,4980,58,1870,650,0,816,0,662235,233950,1347,4508,157913,448706,147344,37759,35,5612,26,0,0,0,0,150165,15809,1280,147,12928
Kansas,2010,0,32412,3670,1414,10,630,3,0,754,0,357256,28370,564,583,2652,126437,92912,29362,60,621,0,0,0,0,0,68410,8968,15,14,4843
Kansas,2011,0,32769,3099,1609,6,606,4,0,426,0,344017,31039,498,692,2504,130988,83420,26290,11,88,0,0,0,0,0,66820,8295,42,6,4697
Kansas,2012,0,26019,3475,2154,3,531,9,0,672,0,305586,33174,451,638,1999,136989,84009,25778,5,88,0,0,0,0,0,51613,6731,45,2,3925
Kansas,2013,0,33792,3195,1890,4,615,14,0,672,0,324784,23713,629,854,2032,138513,80182,25409,3,88,0,0,0,0,0,69254,7788,17,2,5122
Kansas,2014,0,37031,3971,1906,5,641,15,0,672,0,313624,18817,670,774,2948,137967,78672,27953,4,91,0,0,0,0,0,72840,8672,6,5,5183
Kansas,2015,0,38326,7070,2335,2,561,19,0,672,0,270652,15260,634,738,2765,144566,82122,26840,9,91,0,0,0,0,0,60399,8193,21,2,3834
Kansas,2016,0,35931,6881,2578,2,584,23,0,672,0,250840,21148,381,690,2281,144285,88455,28360,3,91,0,0,0,0,0,55886,6467,8,53,3297
Kansas,2017,0,35791,7189,2974,2,537,50,138,672,0,214311,21276,698,683,2436,145369,89246,28957,2,101,0,0,0,0,0,56299,6136,19,1,2925
Kansas,2018,0,41799,6046,2176,3,623,93,142,672,0,225138,29211,681,770,2528,150395,90000,31028,3,101,0,0,0,0,0,69719,8433,9,3,4147
Kansas,2019,0,43108,6215,1858,3,590,136,150,672,0,195954,28762,1009,731,1824,148695,88707,27525,4,101,0,0,0,0,0,71071,9396,18,3,4078
Kentucky,2010,1197,37948,3413,1910,40,1955,5,0,754,0,958439,19715,1327,575,50188,111206,166498,33944,137,18306,0,0,0,0,0,56060,11456,650,630,15034
Kentucky,2011,1238,35548,4451,2256,32,1882,23,0,965,0,961616,15860,1438,625,47769,112754,162696,38816,52,19378,0,0,0,0,0,52098,11160,1560,531,14581
Kentucky,2012,858,31734,4141,2314,9,1648,27,0,852,0,879779,31877,1306,1199,29067,115805,169908,32724,22,17538,0,0,0,0,0,44413,6817,462,114,12185
Kentucky,2013,416,38345,4658,2600,11,1910,105,0,852,0,886561,14973,1277,1230,27797,119511,135285,31451,19,18829,0,0,0,0,0,55545,7683,611,117,15900
Kentucky,2014,490,41022,4704,3004,33,1990,107,0,852,0,886357,27657,1407,1148,26605,124937,127842,23979,91,20929,0,0,0,0,0,59110,9211,581,252,16091
Kentucky,2015,391,36190,8972,3887,32,1260,108,0,852,0,769733,53010,1405,1100,26360,125497,130573,19798,39,21105,0,0,0,0,0,50480,8773,639,150,8606
Kentucky,2016,363,34497,12099,6782,51,1329,120,0,852,0,715763,68524,1220,1241,20458,124376,133217,19600,159,21744,0,0,0,0,0,46828,6523,537,171,7503
Kentucky,2017,358,34306,9091,3594,29,1386,137,0,852,0,616889,84936,1102,1356,22110,124471,116975,17572,70,24339,0,0,0,0,0,45244,5085,526,86,7556
Kentucky,2018,142,40433,10240,4255,40,1394,170,0,852,0,635915,117730,1038,1282,19853,129579,126070,19686,94,23619,5,0,0,0,0,54099,6447,421,101,9280
Kentucky,2019,157,39218,11681,4826,44,1487,196,0,852,0,556349,117935,973,1229,17996,132834,128380,21417,91,22720,11,0,0,0,0,51154,8842,501,148,10278
Louisiana,2010,0,27663,6716,5525,12,329,1,0,754,0,259225,276781,322,1234,526,1084100,1375989,65448,352,86706,0,0,42,0,0,46617,2829,20,12,2528
Louisiana,2011,0,26401,6894,5711,4,316,4,0,965,0,268694,299598,298,1174,1299,1117156,1339857,69003,209,85228,0,0,42,0,0,40136,2681,5,5,2452
Louisiana,2012,0,26667,6168,5110,8,277,20,0,852,0,236527,328476,315,985,2284,1149063,1268101,51254,177,86157,0,0,42,0,0,32286,1721,7,1,2049
Louisiana,2013,0,29374,3535,2440,8,321,27,0,852,0,225754,273312,397,1195,2302,1125949,1216624,41396,117,97143,0,0,42,0,0,39491,1792,12,2,2674
Louisiana,2014,0,32092,4144,2966,19,335,40,0,852,0,207043,272974,465,1397,2931,1145070,1183953,42169,155,120266,0,0,42,0,0,45679,2109,12,2,2706
Louisiana,2015,0,30993,7886,3150,6,110,56,0,852,0,170498,352436,651,1455,3723,1136076,1187394,29613,30,105723,0,0,42,0,0,37738,1824,37,2,753
Louisiana,2016,0,29577,8723,3706,9,90,62,0,852,0,136430,340719,172,1327,4083,1229677,1182123,27131,15,121882,0,0,42,0,0,32084,1718,38,1,511
Louisiana,2017,0,28912,8990,3598,5,77,76,0,852,0,138487,287063,256,1445,3780,1267405,1267740,27482,27,110478,0,0,42,0,0,29680,1745,44,2,418
Louisiana,2018,0,35583,8640,3406,4,86,134,0,852,0,133858,308929,236,1316,3960,1346057,1250451,31937,41,106485,1,0,42,0,0,38636,1760,8,4,574
Louisiana,2019,0,33689,8791,3229,3,82,146,0,852,0,87487,352107,280,1373,3213,1392872,1258302,25344,43,95552,1,0,42,0,0,36793,1965,30,2,568
Massachusetts,2010,0,74468,37616,31402,264,1423,322,22,714,50,82097,192712,800,20929,1753,45722,31478,7167,18,5090,15,0,0,46,0,129812,91315,84276,569,10944
Massachusetts,2011,0,83399,26120,20729,35,1370,583,91,914,55,41329,193158,824,19608,1635,48958,32653,7301,3,6970,33,0,0,60,0,132932,89980,81990,349,10615
Massachusetts,2012,0,75517,16940,13068,8,1200,1591,88,807,51,22372,186141,619,19312,1664,45418,27213,3889,1,6970,102,0,0,38,0,119220,74895,68752,165,8870
Massachusetts,2013,0,103041,17911,13464,13,1391,2657,142,807,56,40594,159815,1479,19380,1614,48202,27918,3584,2,6970,184,0,0,34,0,120685,81417,74087,170,11575
Massachusetts,2014,0,108332,19440,15211,74,1449,4464,236,807,49,28327,138960,2616,20832,1544,46671,29259,4275,7,6780,313,28,0,54,0,129937,92477,84050,297,11714
Massachusetts,2015,0,108253,25748,15511,73,1541,5715,240,807,52,22962,161256,1995,20121,1215,45859,29651,5540,9,6780,378,26,0,44,0,130373,91200,83347,251,10525
Massachusetts,2016,0,108019,17978,8476,77,1488,7220,187,807,32,20016,161067,389,20203,99,47103,29170,4691,3,6780,587,13,0,8,0,115469,72506,64658,296,8399
Massachusetts,2017,0,112741,19235,9713,54,1524,8342,193,807,36,12304,167886,999,19982,103,48408,29985,5368,4,2804,649,15,0,54,0,124802,79033,70691,206,8305
Massachusetts,2018,0,122412,19868,9197,50,1245,11653,198,807,36,0,137982,1657,19937,101,48978,28027,4733,15,2775,763,27,0,0,0,134282,85526,76683,200,8293
Massachusetts,2019,0,125323,20238,9838,78,1467,11332,211,807,49,0,116144,377,17340,71,50297,27052,4491,1,2775,843,17,0,0,0,139346,86383,75793,241,10142
Maryland,2010,474,69298,12063,8352,162,2340,92,0,0,0,242944,31776,2954,7602,22649,23974,30813,6189,19,9734,2,0,0,0,0,85993,28385,19802,829,10706
Maryland,2011,617,69374,11820,8308,132,2330,361,0,0,0,218918,21587,2007,6961,21655,21808,31336,7333,7,7456,10,0,0,0,0,79993,23851,15492,436,10384
Maryland,2012,519,66569,11323,8537,28,2180,970,0,0,0,171407,50907,1233,7373,20407,18292,29253,6922,6,7545,31,0,0,0,0,73004,19167,13321,165,8678
Maryland,2013,238,74228,10695,7757,26,2376,1218,0,0,0,167590,25948,1754,7684,15363,14595,28552,5558,5,7370,41,0,0,0,0,86953,22782,15949,179,11323
Maryland,2014,198,78848,12281,9198,102,2390,1656,0,0,0,185394,21390,3748,7862,15627,15522,32775,6731,15,7503,58,0,0,0,0,95387,27239,18602,339,11459
Maryland,2015,12,74110,19999,8845,50,1813,1768,0,0,0,150952,41832,1749,7760,15031,15588,32023,6445,7,6822,119,0,0,0,0,87475,27248,19389,253,5790
Maryland,2016,0,74088,17497,6255,81,1804,1675,0,0,0,150828,52029,1715,7597,12103,16184,30835,6121,9,7655,321,0,0,0,0,79917,18167,11548,265,4728
Maryland,2017,0,75700,17407,5563,47,1300,1940,0,0,0,94697,53051,1223,7792,12275,16489,31069,5309,7,6905,305,0,0,0,0,79376,16851,10426,149,4744
Maryland,2018,0,80732,18983,7412,36,1523,2206,0,0,0,112277,101314,2565,7691,11914,16945,27319,5466,5,6795,336,0,0,0,0,90221,21770,14502,131,5879
Maryland,2019,0,79809,20416,7969,67,1378,2451,0,0,0,67148,100245,792,6655,10154,19167,28002,6624,8,3302,320,0,0,0,0,85554,17648,10199,146,5507
Maine,2010,0,6055,19502,12640,281,1993,8,0,0,0,1418,42371,81,32292,862,29460,20581,4930,20,63441,0,0,0,6883,0,1282,35961,26971,2978,15327
Maine,2011,0,6867,20939,13820,213,1942,7,0,0,0,969,35342,40,28227,573,28885,19393,5435,24,68156,0,0,0,7269,0,1467,36578,29244,2111,14866
Maine,2012,0,7525,16820,10389,127,1685,23,0,0,0,810,29488,21,26847,489,31123,15843,5250,21,69683,0,0,0,3923,0,1530,30017,24252,850,12422
Maine,2013,0,8398,16914,8237,116,1958,36,0,0,0,967,21362,39,27678,690,33308,12370,3378,11,69071,0,0,0,4169,0,1947,32044,25426,905,16209
Maine,2014,0,9327,17499,10050,205,2075,37,0,0,0,1328,24397,51,28062,815,24914,12166,3420,18,63199,0,0,0,3727,0,2434,33949,25972,1415,16404
Maine,2015,0,10380,17799,8692,190,3615,58,0,0,0,1846,18398,242,30961,742,21613,11947,3984,12,56059,0,0,0,3632,0,2782,40099,32314,1331,24515
Maine,2016,0,8814,16747,8187,183,2999,95,0,0,0,1773,22833,28,28013,421,19548,9665,3406,13,48253,0,0,0,2972,0,2642,39058,30611,1899,16882
Maine,2017,0,9247,17585,8560,122,3159,131,0,0,0,1704,13989,88,28524,465,18337,10087,3518,8,43739,0,0,0,3353,0,2847,39324,31488,1275,17020
Maine,2018,0,9938,17681,8731,134,3098,176,0,0,0,1577,14450,92,27031,537,19938,10398,3937,10,44499,0,0,0,1042,0,3192,41001,32098,1077,20569
Maine,2019,0,10285,17799,9138,199,3200,283,0,0,0,1711,9755,44,20365,449,21800,9415,4699,14,46732,0,0,0,1003,0,3250,39848,30281,1443,22120
Michigan,2010,4587,154839,10131,6523,76,2961,19,0,741,0,677558,114841,1475,21936,67140,154139,76276,18616,113,37443,0,0,0,274,0,309303,39352,3889,361,20012
Michigan,2011,4060,165824,10737,7154,53,2818,91,0,1056,0,620398,114498,1851,22942,66691,160427,73272,18513,21,45811,2,0,0,284,0,322392,37421,3868,264,19410
Michigan,2012,2132,147050,10357,6760,19,2420,234,0,874,0,559748,184389,1286,22325,59753,170015,74454,16291,8,46547,5,0,0,250,0,281450,29837,2648,87,16219
Michigan,2013,1728,175117,11781,7705,41,2543,225,0,874,0,588873,113033,1283,23236,67570,182911,84578,19143,5,47006,5,0,0,279,0,341223,40226,3231,128,21164
Michigan,2014,1589,189871,26522,6692,53,2694,245,0,874,0,554168,114280,1503,24726,62722,191322,84897,18289,8,46077,6,0,0,275,0,361293,43770,4039,199,21419
Michigan,2015,1166,173941,20680,7695,50,5532,251,0,874,0,554989,170740,1121,21219,61124,184259,93694,21915,5,43910,6,0,0,280,0,322444,36074,2947,162,37613
Michigan,2016,345,165392,20423,6517,62,5327,281,0,874,0,432197,251612,1231,21796,38695,186112,98407,22523,6,42982,7,0,0,236,0,306724,37521,2652,164,30029
Michigan,2017,0,170052,22222,7702,57,5473,311,0,874,0,445988,220925,1029,22737,53452,184301,95679,20152,5,38022,8,0,0,267,0,312803,37446,2495,68,29827
Michigan,2018,0,188881,21173,6170,30,5444,408,0,874,0,452437,266003,1214,22493,53668,190983,92211,21628,6,38177,22,0,0,88,0,342460,45493,2755,67,36249
Michigan,2019,0,192251,23163,8164,51,5374,477,0,874,0,397792,291575,939,21934,50030,189583,96040,21523,9,38239,26,0,0,86,0,351305,46509,3070,109,37149
Minnesota,2010,757,90860,11897,4667,34,1954,23,115,0,0,289749,36449,367,24278,24932,160037,129606,38819,31,32397,1,0,0,1241,0,124219,26291,6750,113,15031
Minnesota,2011,648,95314,13070,6045,19,1881,29,219,0,0,290224,28484,298,21440,24732,159371,128726,39097,16,33332,2,0,0,1139,0,126425,25263,5697,73,14579
Minnesota,2012,63,84748,11736,5581,5,1648,58,265,0,0,236434,58303,341,24240,21378,162975,129417,39295,12,32434,4,0,0,704,0,111168,21695,4732,31,12183
Minnesota,2013,115,108331,13819,7018,14,1910,60,263,0,0,243525,50950,391,20030,24055,164365,136635,40802,14,32164,4,0,0,858,0,143059,25347,5569,51,15897
Minnesota,2014,189,114481,14551,7152,9,4467,97,289,0,0,289683,31690,672,22132,23202,179200,133219,41581,26,35078,7,0,0,184,0,151404,28715,5166,70,16088
Minnesota,2015,152,96565,17581,6074,6,4751,126,271,0,0,253939,55870,335,22469,17480,163426,125400,35381,12,31355,15,0,0,1074,0,122089,24905,4435,48,17601
Minnesota,2016,183,95828,17900,5587,21,5288,156,266,0,0,241473,68423,349,22755,19594,168510,127637,34374,20,32085,23,0,0,1204,0,121709,24909,4556,73,14726
Minnesota,2017,142,102822,16398,6221,7,5434,221,244,0,0,235523,51584,323,22681,21929,170999,117956,35390,22,25191,43,0,0,1433,0,127705,28619,3613,51,13915
Minnesota,2018,120,115068,16298,4905,9,5909,253,230,0,0,241799,67556,439,17832,19611,168964,126582,39390,17,25647,87,0,0,836,0,147880,32116,3969,53,18844
Minnesota,2019,87,119124,15188,4462,9,6142,310,219,0,0,186532,94108,570,9343,18436,170595,135871,41760,15,25840,103,0,0,860,0,151838,34227,3225,80,20944
Missouri,2010,3576,61520,7017,3026,41,3643,5,0,0,0,780636,40900,1357,653,17413,65903,72493,24269,39,4782,0,0,0,0,0,107960,19222,367,179,28017
Missouri,2011,2782,62811,6245,2625,19,3507,18,0,0,0,810422,38438,835,600,12446,63566,68986,21743,8,616,0,0,0,0,0,103380,16904,318,74,27174
Missouri,2012,2056,55186,7310,3679,14,3071,122,0,0,0,743444,51919,774,723,22796,63031,64131,21507,3,614,1,0,0,0,0,83790,13019,270,22,22708
Missouri,2013,2276,65433,8315,3999,9,3760,248,0,0,0,780146,38164,696,722,24127,64105,60616,21389,5,615,2,0,0,0,0,107949,15382,255,26,29631
Missouri,2014,2152,73892,9480,4599,19,4530,612,0,0,0,754299,36086,1114,898,24255,68011,64128,23736,8,631,5,0,0,0,0,117054,17331,239,43,29987
Missouri,2015,1516,61929,15703,5491,10,3398,804,0,0,0,673709,39828,911,990,21176,66269,71040,25842,7,631,7,0,0,0,0,96343,14502,155,34,18079
Missouri,2016,1256,58281,14743,4906,14,3886,857,0,0,0,622575,53947,895,988,16029,65096,60818,29494,11,631,9,0,0,0,0,89275,14078,113,62,15690
Missouri,2017,570,58224,15023,4337,9,4011,991,0,0,0,688946,48400,722,1070,20281,63509,57363,27808,4,767,13,0,0,0,0,87347,12227,91,25,14392
Missouri,2018,276,70917,16510,4571,15,4286,1024,0,0,0,649090,64972,1116,973,18821,68222,60922,29964,4,764,35,0,0,0,0,116461,16678,129,28,19737
Missouri,2019,205,69301,14840,3646,15,3831,1205,0,0,0,566093,69801,1205,963,18364,66773,59369,25165,4,764,54,0,0,0,0,112843,19822,74,39,19484
Mississippi,2010,0,21593,5701,3386,8,769,0,0,783,0,145614,237415,125,17,2849,129515,72442,14009,0,48693,0,0,42,0,0,27683,7808,1,65,5912
Mississippi,2011,0,20581,6068,3799,4,740,4,0,571,0,104924,245260,175,4,2622,118024,74766,13387,0,49255,0,0,42,0,0,24704,6712,1,33,5734
Mississippi,2012,0,18111,5691,3660,2,648,4,0,741,0,79848,294122,150,29,2608,118586,75446,18649,1,62167,0,0,42,0,0,19876,4814,1,14,4791
Mississippi,2013,0,19729,5703,3332,3,751,13,0,741,0,94966,238228,130,123,2801,119455,75126,19923,0,49297,0,0,42,0,0,25503,5595,1,16,6252
Mississippi,2014,0,22816,6409,4030,5,783,14,0,741,0,114021,243158,174,135,2516,123331,70024,18979,0,50512,0,0,42,0,0,29052,6797,1,28,6327
Mississippi,2015,0,20235,7985,3752,3,204,14,0,741,0,69064,341453,168,126,2562,128970,67212,14482,2,49879,0,0,42,0,0,23846,5459,1,11,1395
Mississippi,2016,0,18628,8161,3892,4,225,40,0,741,0,61219,379093,184,103,0,121967,69952,13281,4,49546,1,0,42,0,0,20734,5253,1,17,1271
Mississippi,2017,0,18262,8364,4172,3,145,58,0,741,0,53779,351191,136,122,0,134926,73630,16250,2,44907,7,0,42,0,0,19094,4824,1,5,792
Mississippi,2018,0,21582,7673,3866,3,221,63,0,741,0,60015,377458,270,128,0,140544,73475,15450,2,45967,2,0,42,0,0,25056,5548,0,8,1471
Mississippi,2019,0,20492,7207,3142,5,228,69,0,741,0,50463,371871,137,131,565,138198,68292,15694,0,44980,5,0,42,0,0,22736,5886,0,8,1573
Montana,2010,183,20703,1805,604,2,444,8,0,126,0,202044,718,96,0,1112,22812,48445,12410,0,9212,0,0,71,0,0,21124,8184,628,6,3411
Montana,2011,238,22693,1978,711,2,427,7,0,150,0,164238,4756,162,0,1212,22964,52519,13686,1,760,0,0,71,0,0,22057,8600,572,4,3309
Montana,2012,120,19685,2130,614,0,374,16,0,144,0,153004,5503,81,0,4184,23346,52948,14808,0,760,0,0,70,0,0,19546,6828,538,0,2765
Montana,2013,30,21686,1871,602,0,433,21,0,144,0,161593,7434,108,0,4481,24655,51035,14931,0,897,0,0,70,0,0,21523,6627,459,1,3608
Montana,2014,23,22096,2098,492,0,452,21,0,144,0,170478,5775,262,0,4856,26036,48273,13921,0,1230,0,0,70,0,0,21922,7317,365,4,3651
Montana,2015,53,20144,2541,306,0,1587,24,0,144,0,173398,6706,69,0,4969,26417,46107,9555,0,1334,0,0,70,0,0,19534,7402,404,0,10838
Montana,2016,34,22038,3116,742,0,1970,30,0,144,0,157232,5546,120,0,4671,25485,44899,8162,0,1323,0,0,70,0,0,19749,6574,388,5,11119
Montana,2017,47,24342,2805,669,0,1985,39,0,144,0,151488,4850,86,0,4538,27812,46858,8335,0,1728,0,0,70,0,0,22370,7623,382,0,10820
Montana,2018,66,27441,3640,552,0,2168,52,0,144,0,147939,5343,139,0,4289,29906,45975,8887,0,1714,0,0,70,0,0,23593,7234,339,0,14437
Montana,2019,40,29174,2940,502,0,2030,63,0,144,0,155593,5699,134,0,3532,29088,48533,10680,0,1680,0,0,70,0,0,25124,9906,368,0,14033
North Carolina,2010,5070,57213,22837,9448,371,2346,58,0,0,113,720963,73574,3052,13383,23058,93943,91564,17381,87,73925,0,0,0,15,0,75829,35830,8222,3132,18040
North Carolina,2011,4349,50574,17913,8780,151,2258,146,0,0,96,600651,90231,2199,15513,19783,100453,81700,17312,80,77848,1,0,0,14,0,62479,27917,5947,1531,17497
North Carolina,2012,3343,49651,17365,8591,50,1978,381,0,0,108,514196,151823,1970,17966,17173,103612,83478,16809,22,77125,2,0,0,3569,0,57319,19954,4594,599,14621
North Carolina,2013,3569,56053,14039,5517,57,2292,1007,0,0,138,472300,202953,2257,18144,17903,111214,75050,19358,13,77825,4,0,0,8404,0,70640,21712,4939,597,19079
North Carolina,2014,3954,61436,17572,7073,126,2388,1325,0,0,138,481875,209105,5065,20045,15763,110588,74480,18553,27,73893,4,0,0,0,0,77048,24634,4870,964,19308
North Carolina,2015,3875,57052,28020,7383,58,1488,1333,0,0,102,387313,278746,4558,16558,14337,108798,71420,19420,27,78904,18,0,0,0,0,66792,27211,9052,850,10164
North Carolina,2016,3134,57804,27277,6806,85,1519,2193,0,0,127,364715,303649,2747,17826,13912,109145,81119,21740,28,75082,39,0,0,0,0,66775,23577,7502,1239,8574
North Carolina,2017,2754,55651,27053,6917,38,1379,2113,0,0,94,335149,288294,2717,20915,12384,111220,85533,22188,13,75575,67,0,0,0,0,62080,18940,4038,675,7517
North Carolina,2018,2009,59693,27318,7413,38,1526,2079,0,0,118,312335,339597,6940,19315,10776,120207,86614,21488,8,71866,61,0,0,0,0,75414,23796,4379,708,10162
North Carolina,2019,1492,59111,26678,7541,36,1284,2073,0,0,126,306912,313003,1984,20005,9750,122857,76879,22212,5,71728,65,0,0,0,0,70083,22543,4053,846,8879
North Dakota,2010,1577,10869,3617,2431,10,64,0,0,393,0,312322,2,396,0,95785,33558,54739,35174,7,125,0,0,0,0,0,11115,7284,1473,17,494
North Dakota,2011,1521,11774,7843,6105,5,62,0,0,503,0,300500,0,467,0,92750,39675,72431,49967,3,226,0,0,0,0,0,11735,7482,1114,9,479
North Dakota,2012,1266,11038,7165,5187,2,54,1,0,445,0,310998,1,371,0,94081,39578,76263,55414,1,226,0,0,0,0,0,10218,5939,806,3,400
North Dakota,2013,1515,14147,9813,6484,4,63,1,0,445,0,303562,374,367,0,88116,43827,90855,64075,1,226,0,0,0,0,0,12917,6731,987,5,522
North Dakota,2014,1279,15196,9090,6964,5,65,1,0,445,0,304585,2094,300,0,93331,46722,96880,71250,2,269,0,0,0,0,0,13574,7335,891,7,529
North Dakota,2015,1238,13385,4554,1763,4,76,0,0,445,0,311191,7048,281,0,95662,58686,68634,45375,1,269,0,0,0,0,0,11467,6210,742,4,520
North Dakota,2016,998,12846,4144,1255,5,113,0,0,445,0,299545,11832,341,0,94036,59545,53554,32564,2,269,0,0,0,0,0,10941,5968,759,16,639
North Dakota,2017,934,14027,4800,1879,2,107,0,0,445,0,302365,7535,400,0,94577,64503,68275,43970,1,148,0,0,0,0,0,11925,5984,786,6,583
North Dakota,2018,1005,15627,3685,1816,2,86,1,25,445,0,311176,10526,427,0,95082,74314,68639,46024,1,178,0,0,0,0,0,13710,7108,741,5,573
North Dakota,2019,934,17053,4028,1336,2,83,3,0,445,0,287210,15819,392,0,83874,83504,66805,44210,1,178,0,0,0,0,0,14481,9042,818,7,576
Nebraska,2010,0,32122,2228,1419,4,361,1,0,851,0,241811,3961,329,731,12741,85855,39299,24227,6,241,0,0,0,0,0,40293,8546,160,18,2778
Nebraska,2011,0,32470,2083,1140,3,348,2,0,364,0,266339,4261,397,649,19045,87370,37706,23830,4,202,0,0,0,0,0,40156,7966,138,3,2694
Nebraska,2012,0,27003,2102,1187,1,305,2,0,720,0,253670,7865,244,582,18917,87247,46628,31757,2,202,1,0,0,0,0,31876,5915,102,3,2252
Nebraska,2013,0,33383,3041,1871,1,353,3,0,720,0,272659,4723,540,619,20297,91539,42434,27891,2,202,1,0,0,0,0,42725,7260,114,3,2938
Nebraska,2014,0,33773,2965,1890,2,368,3,0,720,0,254573,4340,568,642,21971,90607,39284,25949,3,206,1,0,0,0,0,43923,7088,101,7,2973
Nebraska,2015,0,31140,4410,1873,1,351,3,0,720,0,245144,4516,92,716,21175,90568,40196,26372,2,206,1,0,0,0,0,36635,6341,83,3,2401
Nebraska,2016,0,28556,4314,1934,2,397,8,0,720,0,220452,6171,91,865,20013,96470,41373,28160,4,206,1,0,0,0,0,34992,5611,76,6,2240
Nebraska,2017,0,30783,4103,1818,1,335,17,0,720,0,212787,6569,94,894,21022,95051,42483,27988,2,167,2,0,0,0,0,36142,4656,84,2,1827
Nebraska,2018,0,37471,5005,2261,1,421,36,0,720,0,243741,9745,198,869,20332,94971,38535,25512,2,167,5,0,0,0,0,44923,6623,77,3,2803
Nebraska,2019,0,37854,5300,2440,2,446,45,0,720,0,222894,12934,239,780,17520,96021,38783,26586,3,167,8,0,0,0,0,44541,7890,70,4,3080
New Hampshire,2010,0,8677,10911,5664,73,1151,3,0,0,0,33827,40480,153,17499,0,6216,10814,2726,5,2208,0,0,0,50,0,6955,26776,17527,925,8855
New Hampshire,2011,0,9220,12341,6235,60,1108,8,0,0,0,24489,48752,75,15965,0,7346,9811,2471,13,1793,1,0,0,48,0,7213,28138,18924,666,8589
New Hampshire,2012,0,8392,11675,4492,19,971,25,0,0,0,14191,52017,51,18040,0,7233,9208,2252,1,1705,3,0,0,0,0,6629,22765,13901,247,7177
New Hampshire,2013,0,9485,11404,4341,27,1125,38,0,0,0,16778,30521,297,19952,0,8106,9792,2789,10,1705,5,0,0,0,0,7404,27290,17241,304,9365
New Hampshire,2014,0,9702,13316,5606,47,1172,48,0,0,0,14867,32214,1355,22854,0,8716,9946,3223,32,1685,6,0,0,0,0,7994,33145,20046,438,9478
New Hampshire,2015,0,9918,13985,5267,29,2038,67,0,0,0,10989,43955,457,24519,0,8637,9006,2281,1,1685,8,0,0,0,0,8077,32928,21046,371,13918
New Hampshire,2016,0,8766,13463,4751,58,1802,127,0,0,0,5277,34795,65,24293,0,8709,7442,2001,13,1685,18,0,0,0,0,7068,30854,20185,585,10171
New Hampshire,2017,0,9356,11732,4576,44,2056,237,0,0,0,3617,26738,568,23591,0,9790,11108,1806,8,2094,50,0,0,0,0,7556,33770,23734,433,11203
New Hampshire,2018,0,10450,13298,4981,44,1899,290,0,0,0,7798,22213,514,20069,0,10230,7676,2061,1,2068,65,0,0,0,0,8391,36687,25471,436,12648
New Hampshire,2019,0,10459,13413,5141,78,1951,364,0,0,0,4182,26276,71,18124,0,10148,6832,2186,1,2068,68,0,0,0,0,8291,35829,24547,570,13486
New Jersey,2010,0,186208,14315,11226,59,1529,2465,0,0,0,71961,204211,1198,9831,0,50552,125707,9802,527,5017,118,0,0,0,0,224850,37377,31454,204,11759
New Jersey,2011,0,196797,17106,14235,80,1472,4415,0,0,0,49592,204780,528,10465,0,51162,137879,12109,263,2852,246,0,0,0,0,219187,32388,26516,145,11405
New Jersey,2012,0,179510,12884,10907,14,1289,7976,0,0,0,25589,233514,250,12301,0,56312,133575,10962,83,2852,500,0,0,0,0,196706,28328,24235,60,9531
New Jersey,2013,0,179959,13814,11630,12,1494,9169,0,0,0,25910,224951,380,12215,0,64388,123674,9470,13,2852,592,0,0,0,0,236942,29915,25447,64,12436
New Jersey,2014,0,211290,14856,12586,16,1557,10697,0,0,0,30731,258620,1589,13448,0,64258,114521,12016,16,2780,695,0,0,0,0,258878,33892,28599,95,12586
New Jersey,2015,0,171004,23151,10981,7,471,10715,0,0,0,22925,294969,697,12664,0,58007,127578,12314,16,2780,765,0,0,0,0,248407,32724,28328,56,3215
New Jersey,2016,0,159826,21803,9336,35,483,8803,0,0,0,17455,339097,352,13116,0,63588,120598,12715,18,2780,837,0,0,0,0,224984,22786,18748,55,2729
New Jersey,2017,0,155128,20765,8701,17,437,9313,0,0,0,16488,285329,322,12755,0,56551,124884,9715,8,225,1034,0,0,0,0,230803,23058,18726,29,2380
New Jersey,2018,0,174055,20742,8341,35,449,9857,0,0,0,16732,295139,1488,12471,0,66738,120763,8972,77,249,1195,0,0,0,0,257503,29731,24777,28,2989
New Jersey,2019,0,161814,21725,9488,49,385,10358,0,0,0,13780,303045,430,10703,0,67700,124311,9934,32,249,1460,0,0,0,0,248751,28925,24086,32,2664
New Mexico,2010,0,25675,2943,1347,2,963,59,0,63,0,266382,72232,534,339,1092,103231,38057,9404,1,538,1,0,243,0,0,35982,6284,7,3,7407
New Mexico,2011,0,25591,2752,1384,1,927,158,33,75,0,284166,74960,415,189,571,108748,39280,9369,0,35,2,0,243,0,0,35060,5688,5,2,7184
New Mexico,2012,0,25458,2943,1268,0,812,285,34,72,0,262424,76396,506,338,1015,106824,40468,11019,0,35,4,0,241,0,0,33247,4882,4,0,6003
New Mexico,2013,0,27607,2798,1264,0,941,419,30,72,0,255137,76978,636,433,1240,101949,39490,11664,1,35,6,0,241,0,0,37122,5756,10,0,7833
New Mexico,2014,0,26574,3253,1695,1,981,634,30,72,0,213898,79540,711,322,1450,107444,40607,14437,2,36,9,0,241,0,0,33484,4903,7,1,7927
New Mexico,2015,0,25999,4789,1717,1,1289,677,26,72,0,214013,81244,727,483,1691,109244,36355,8803,1,36,9,0,241,0,0,34402,4375,9,0,8806
New Mexico,2016,0,26048,4557,1498,1,1600,591,26,72,0,195275,85374,579,328,1808,104835,38964,11946,2,36,8,0,241,0,0,34005,4838,6,0,9035
New Mexico,2017,0,24591,4157,997,0,1440,696,25,72,0,197337,78800,464,347,1777,105443,41289,13532,0,18,8,0,241,0,0,31221,4024,4,0,7847
New Mexico,2018,0,26852,4308,730,0,1655,739,27,72,0,135031,102186,240,388,1793,106168,42334,13724,0,18,8,0,241,0,0,35637,4443,4,0,11019
New Mexico,2019,0,30591,5559,1713,0,1889,780,26,72,0,150010,106565,4046,288,1458,111550,40744,13024,0,18,12,0,241,0,0,43714,4816,11,0,13060
Nevada,2010,0,30573,2871,1991,44,251,232,0,690,0,76036,181286,145,0,4192,11132,34824,20659,3,512,60,0,419,0,0,40845,3069,562,117,1933
Nevada,2011,0,31508,2826,2044,6,242,643,0,848,0,60202,166667,162,0,2500,11351,25433,10373,7,151,85,0,419,0,0,41578,2912,428,15,1875
Nevada,2012,0,30039,2421,1183,2,212,706,0,783,0,45928,194179,235,209,6922,11712,23481,8933,2,151,126,0,416,0,0,38411,2045,301,13,1567
Nevada,2013,0,32298,3138,1844,1,246,706,0,783,0,57255,187416,199,266,7583,13672,23607,10716,1,151,134,0,416,0,0,43115,2670,167,4,2045
Nevada,2014,0,30074,2779,1666,1,256,831,0,783,0,71910,172458,167,270,7320,16982,32440,19146,5,155,172,0,416,0,0,36304,2123,147,3,2069
Nevada,2015,0,31060,7964,2369,1,280,1072,0,783,0,29816,218703,179,282,6820,18433,16516,3499,0,155,183,0,416,0,0,38501,2175,188,1,1911
Nevada,2016,0,32402,7742,2549,4,321,1455,0,783,0,24320,218506,124,769,6445,19082,29321,17409,1,155,233,0,416,0,0,40678,2260,221,2,1815
Nevada,2017,0,33477,8225,2765,3,342,1537,0,783,0,21495,204142,108,839,5802,20036,35442,21433,1,115,251,0,416,0,0,42534,2442,241,2,1862
Nevada,2018,0,33960,8575,2985,3,412,1558,0,1088,0,28149,207309,123,795,6848,20887,36817,23228,0,114,315,0,416,0,0,43354,2084,224,4,2744
Nevada,2019,0,36642,8432,2571,12,389,1561,0,4717,0,30498,201667,142,904,6678,21537,35314,22194,0,114,359,0,416,0,0,49909,2276,266,4,2688
New York,2010,77,294137,115685,58038,874,2697,258,0,792,29,141573,433703,3679,31229,25445,77834,92618,13135,3108,16367,5,0,0,562,0,399660,142104,114236,5663,20746
New York,2011,109,298879,112856,59489,953,2597,462,0,581,54,99186,443569,1910,29033,25886,77677,93111,16207,928,18494,10,0,0,724,0,404324,130366,106482,4117,20121
New York,2012,0,278947,83447,49609,338,2274,945,0,751,36,48742,513642,2261,26689,24171,76960,90453,14428,818,19069,24,35,0,577,0,369245,145441,126543,2072,16814
New York,2013,0,311216,80507,53152,159,2636,1189,0,751,54,47152,469493,2898,29749,21555,82933,87361,13105,476,18782,33,35,0,587,0,430809,126516,104880,2236,21940
New York,2014,0,330862,62028,48604,304,2747,1742,0,751,25,45942,466028,4799,32302,18713,87403,83735,11533,868,18592,49,23,0,652,0,473621,142061,113428,3808,22204
New York,2015,0,321411,80582,55509,158,5414,2439,0,751,42,21957,485977,4813,29838,19284,86068,89051,11701,719,18513,94,23,0,576,0,466993,146874,121811,2597,36979
New York,2016,0,312179,72373,46602,326,5240,2926,0,751,40,15631,486453,1981,31024,14048,83640,92486,10778,1001,18723,118,15,0,526,0,425563,113949,89296,3415,29581
New York,2017,0,320411,70928,45681,175,5243,4045,36,751,56,6270,397383,1518,32110,13283,85730,86352,10961,329,18506,130,11,0,644,0,446633,107749,83584,2280,28577
New York,2018,0,341037,71553,46711,234,5224,5604,28,751,56,6984,428066,4548,30098,9726,94603,84987,11248,702,18336,153,54,0,537,0,501614,137065,107668,2132,34783
New York,2019,0,333194,73372,48168,422,5128,7179,25,751,58,4759,390433,2197,27276,8889,93426,86667,14651,686,18644,208,12,0,529,0,488901,137217,105675,3266,35447
Ohio,2010,6019,161791,19500,14057,152,2961,58,0,742,0,1230391,59837,3170,4047,118727,279355,187907,34816,446,23391,4,0,0,0,0,293468,30708,9616,975,22770
Ohio,2011,5146,166465,17719,13243,72,2850,136,0,949,0,1102740,95478,3376,3841,114721,277237,180299,29998,54,21371,11,19,0,0,0,295097,29226,9019,671,22085
Ohio,2012,3492,150404,17940,14517,38,2496,486,0,839,0,881112,175851,2980,6081,134536,274345,187083,34721,17,20362,45,114,0,0,0,259358,22804,7387,256,18455
Ohio,2013,3883,174535,17136,13015,27,2893,539,0,839,0,963447,166793,2663,6653,137155,285614,185296,34304,19,20770,51,280,0,0,0,308500,24539,7551,249,24081
Ohio,2014,3538,194152,15680,11410,52,3015,652,0,839,0,917014,182453,3412,6560,136824,326791,179686,37382,62,20741,64,335,0,0,0,339908,26875,8080,536,24371
Ohio,2015,2195,178307,30381,11812,35,3160,742,0,839,0,734297,220671,2395,6726,129222,306111,187951,35465,30,19724,61,316,0,0,0,305352,25078,8181,334,21583
Ohio,2016,1207,163844,30887,11855,71,3343,790,24,839,0,711827,225084,2423,6342,112277,310674,196644,33923,27,18639,66,477,0,0,0,274895,24607,7307,421,18870
Ohio,2017,20,168456,31485,12031,37,3303,912,34,839,0,700683,219682,2117,6585,110249,317025,192209,36656,38,14603,77,508,0,0,0,277612,25150,7714,248,18005
Ohio,2018,0,190915,32485,12301,45,3241,1052,30,839,0,603705,341399,2569,6729,114112,352462,190937,37279,75,13131,78,572,0,0,0,321297,27787,8611,269,21580
Ohio,2019,0,189282,33116,12366,54,3075,1082,30,839,0,480773,386139,1793,6419,113484,341004,185691,30606,66,13397,231,641,0,0,0,309460,30111,8304,284,21259
Oklahoma,2010,0,43106,6378,3758,17,767,0,0,0,0,333641,298734,139,0,12406,256272,100175,15053,21,17580,0,0,0,0,0,67438,8261,15,27,5902
Oklahoma,2011,0,41582,5424,3094,22,739,3,0,0,0,366516,273635,175,0,11805,266376,98616,14704,13,17997,0,0,0,0,0,63194,7197,74,18,5724
Oklahoma,2012,0,37279,6029,3965,11,647,5,0,0,0,315553,326477,121,0,11536,263841,114929,25874,20,19248,0,0,0,0,0,50645,5729,42,5,4783
Oklahoma,2013,0,45804,5859,3388,6,750,7,0,0,0,323738,256717,105,186,12188,267658,110145,26142,9,18464,0,0,0,0,0,68448,7517,37,6,6242
Oklahoma,2014,0,48841,6368,3693,8,781,7,0,0,0,322770,215996,126,194,13311,281609,109393,33116,11,18369,0,0,0,0,0,71692,7490,21,9,6317
Oklahoma,2015,0,43921,11202,4819,4,580,7,0,0,0,269221,266704,98,154,11527,289035,103591,21854,13,17686,0,0,0,0,0,62142,6958,6,3,3961
Oklahoma,2016,0,38850,11973,5462,2,538,7,0,0,0,210623,290883,178,184,11220,300757,106144,23306,9,18643,0,0,0,0,0,53010,6441,24,3,3035
Oklahoma,2017,0,39447,12007,5913,2,475,12,0,0,0,189466,237898,158,227,8843,308062,122024,38016,6,24951,0,0,0,0,0,53248,7005,9,8,2589
Oklahoma,2018,0,48505,9922,3202,2,629,34,0,0,0,164264,326840,179,262,7016,327970,116402,34707,1,25184,3,0,0,0,0,69555,7921,12,2,4187
Oklahoma,2019,0,50334,11584,4750,1,626,42,0,0,0,89027,349308,188,255,4926,334213,109802,26135,2,23487,5,0,0,0,0,70037,8393,16,2,4325
Oregon,2010,0,27461,5985,4291,42,2219,276,0,596,0,40696,111386,34,5405,1860,56294,31009,11667,26,27155,11,0,167,0,0,41143,5207,2475,340,17066
Oregon,2011,0,31034,4781,2984,63,2136,301,0,739,0,33296,61347,67,4915,1839,58283,35898,14684,20,26813,14,0,167,0,0,47640,5115,2335,355,16553
Oregon,2012,0,29451,3432,1782,22,1871,382,0,676,0,26515,83180,71,5267,1744,58840,34552,14568,10,32644,20,0,166,0,0,44304,4144,2125,175,13832
Oregon,2013,0,30832,2987,1609,16,2168,362,0,676,0,36917,104571,60,6506,1982,57916,32147,11717,11,37489,20,0,166,0,0,46657,4473,2047,134,18049
Oregon,2014,0,29185,3441,2077,20,2259,393,0,676,0,31705,92780,101,7719,2534,58174,32765,14241,6,36593,23,0,166,0,0,42358,4411,1686,155,18266
Oregon,2015,0,26962,8060,2217,31,3020,381,0,676,0,24151,118345,61,6835,2364,56534,33882,14378,5,41433,34,0,166,0,0,39040,3745,1692,125,20627
Oregon,2016,0,28570,8702,2291,4,3702,653,0,676,0,19440,111722,49,6864,0,61924,37883,16256,16,37192,121,0,166,0,0,42202,3892,1771,240,20896
Oregon,2017,0,33987,10537,2356,9,4080,728,0,676,0,17770,109689,104,6157,953,61932,35504,14755,4,42094,136,0,166,0,0,51190,4320,1958,145,22238
Oregon,2018,0,30969,11336,3006,7,3629,783,0,676,0,15495,129964,50,6925,1417,57985,30964,12992,3,41316,136,0,166,0,0,45524,4462,1488,119,24165
Oregon,2019,0,34103,11031,2355,6,3905,783,0,676,0,26244,151379,83,6616,1186,60064,30310,12756,3,39632,141,0,166,0,0,50478,4760,1314,150,26998
Pennsylvania,2010,4729,146902,32261,23625,755,3361,315,0,722,0,1119758,252182,4243,30136,186183,228806,230967,34088,281,36137,107,0,0,0,0,231854,110454,85432,4211,25852
Pennsylvania,2011,4343,146752,29970,21041,198,3236,789,0,924,0,1028374,314973,3874,28672,180267,257116,220876,40670,187,42034,371,0,0,0,0,228119,102671,80568,2572,25074
Pennsylvania,2012,3286,132519,24211,17083,67,2834,994,0,816,0,904245,406963,2892,27573,185646,294905,194157,45427,58,42990,514,0,0,0,0,205991,88502,70781,1076,20953
Pennsylvania,2013,3073,156594,26715,18522,58,3285,950,0,816,0,905843,378099,3294,27492,217202,357302,209270,50178,63,47707,547,0,0,0,0,243491,99134,79295,1152,27341
Pennsylvania,2014,3082,167738,28806,19839,212,3423,1074,0,816,0,814266,404325,5778,26929,221812,419645,220346,57194,133,43431,599,0,0,0,0,267748,113034,91046,2030,27670
Pennsylvania,2015,1963,159442,40776,18765,144,5120,1049,0,816,0,669244,456219,6008,27220,207622,404961,218770,51101,68,41762,631,0,0,0,0,247059,106369,86789,1350,34969
Pennsylvania,2016,1031,148851,37840,15272,222,5026,1137,0,816,0,574070,520118,3369,27315,159737,418060,204317,36780,82,43455,631,0,0,0,0,224764,91471,73049,1513,28376
Pennsylvania,2017,645,152220,39583,17907,143,5115,1328,0,816,0,501784,544924,2985,27453,167111,432717,213226,41820,58,43381,592,0,0,0,0,228190,89839,71250,921,27880
Pennsylvania,2018,362,171616,43464,20328,179,5305,1413,0,816,0,467959,557750,7787,26731,175734,475033,207283,43320,79,40861,599,0,0,0,0,262667,107784,86087,930,35323
Pennsylvania,2019,311,167984,42817,19943,217,4840,1505,0,816,0,398101,696798,2179,24007,170369,516241,184915,43822,63,39650,628,0,0,0,0,245942,91474,66666,1056,33458
Rhode Island,2010,0,10699,4771,3996,3,195,18,0,0,0,0,57871,131,1774,0,8218,8876,859,0,78,0,0,0,0,0,17332,17748,16921,101,1501
Rhode Island,2011,0,11102,3751,3044,4,188,57,0,0,0,0,65342,132,1555,0,7640,7153,714,0,33,0,0,0,0,0,17267,16446,15568,74,1456
Rhode Island,2012,0,10396,3232,2709,1,165,102,0,0,0,0,62455,168,1176,0,8079,7289,586,0,33,0,0,0,0,0,16364,16087,15332,35,1216
Rhode Island,2013,0,11996,3740,3140,1,191,91,0,0,0,0,47877,350,470,0,8416,8815,498,1,33,0,0,0,0,0,18789,17067,16229,37,1587
Rhode Island,2014,0,13554,5587,4892,3,199,93,72,0,0,0,46099,602,2013,0,8237,9097,664,0,45,0,0,0,0,0,20287,16993,15810,48,1606
Rhode Island,2015,0,12354,4744,3121,2,268,100,65,0,0,0,51400,824,2082,0,8867,8639,545,0,45,0,0,0,0,0,20606,18361,17271,29,1832
Rhode Island,2016,0,11076,3790,2194,3,247,145,63,0,0,0,48193,245,2021,0,8736,7830,672,3,45,0,0,0,0,0,17732,12105,10893,29,1396
Rhode Island,2017,0,11684,3493,2048,2,247,247,66,0,0,0,52231,453,1950,0,8812,8636,939,0,53,0,0,0,0,0,18983,11568,10336,16,1344
Rhode Island,2018,0,13112,4016,2195,4,187,467,68,0,0,0,58882,653,2048,0,9080,8176,1106,0,75,0,0,0,0,0,21136,16275,14411,19,1248
Rhode Island,2019,0,12783,3690,1730,5,252,1090,68,0,0,0,53023,78,2036,0,9079,7280,1051,0,75,0,0,0,0,0,20479,13466,11827,19,1744
South Carolina,2010,51,24666,6483,3489,104,546,1,0,0,10,381051,89532,1302,8775,23865,75061,54677,8487,13,75854,0,0,0,0,0,33165,7761,859,698,4200
South Carolina,2011,0,22588,5868,3201,27,526,8,0,0,0,342946,103331,962,8863,23214,78627,46426,8148,7,84827,0,0,0,0,0,27428,5894,639,309,4074
South Carolina,2012,3,21834,5955,3036,11,460,9,0,0,1,285684,119127,1036,10658,12885,82749,45978,9791,3,86095,1,0,0,0,0,23280,4387,623,114,3404
South Carolina,2013,0,24292,5555,2868,6,534,8,0,0,37,244053,95662,1051,11698,13265,85238,43187,6809,1,82825,1,0,0,0,0,29158,4656,444,131,4442
South Carolina,2014,0,25994,6272,3070,8,556,9,0,0,28,291282,89503,2720,16113,14375,85401,46340,8584,5,87103,1,0,0,0,0,32652,5280,239,224,4495
South Carolina,2015,0,24473,11829,3200,7,271,15,0,0,22,229897,140142,1975,17138,11321,87476,53066,9321,2,81572,1,0,0,0,0,29277,4646,512,162,1850
South Carolina,2016,0,24482,12430,3561,6,283,97,0,0,17,213420,137440,969,16271,8445,90926,53339,10059,2,82423,14,0,0,0,0,28430,4488,488,196,1599
South Carolina,2017,0,23875,12809,3532,4,239,301,0,0,12,186015,139557,1046,17070,6736,95177,46577,11419,0,85692,124,0,0,0,0,26363,4619,462,91,1302
South Carolina,2018,0,26211,12847,3472,18,260,584,0,0,22,199882,178054,3367,16218,5323,98978,46903,11802,1,83761,200,0,0,0,0,32821,5074,436,153,1732
South Carolina,2019,0,25610,12458,3288,14,237,708,0,0,22,156430,187731,826,16239,4273,97511,46859,11701,2,82863,270,0,0,0,0,29663,4472,424,131,1636
South Dakota,2010,188,11080,2578,1127,1,233,0,0,1013,0,36204,1611,104,0,2669,41522,21658,10132,2,303,0,0,253,0,0,12878,5787,735,9,1791
South Dakota,2011,0,11157,2333,1341,0,224,0,0,746,0,29000,1591,120,0,3111,41472,21549,13096,1,222,0,0,253,0,0,13027,5544,702,5,1737
South Dakota,2012,37,9496,1918,1027,0,196,0,0,967,0,32183,2527,101,0,3353,42031,22429,11331,0,222,0,0,251,0,0,10933,4661,628,2,1452
South Dakota,2013,0,12528,1865,972,0,228,0,0,967,0,30836,4195,121,0,3410,46350,21374,12751,1,222,0,0,251,0,0,14352,5193,533,2,1894
South Dakota,2014,0,12816,2109,828,0,237,3,0,967,0,29529,4018,134,0,3534,46852,18761,10865,2,228,0,0,251,0,0,14797,4934,492,3,1917
South Dakota,2015,0,10995,2129,772,0,296,4,0,967,0,16268,6473,221,0,3348,47331,19138,11096,1,228,0,0,251,0,0,12383,4406,475,2,2020
South Dakota,2016,0,11020,2227,694,0,289,4,0,967,0,23192,7852,65,0,3468,47076,18092,10947,2,228,0,0,251,0,0,12312,4753,422,42,1629
South Dakota,2017,0,11403,2381,611,0,282,3,0,967,0,22369,6063,86,0,3745,48157,18361,10364,0,295,0,0,251,0,0,12808,4429,378,1,1537
South Dakota,2018,0,13413,2297,655,1,378,4,0,967,0,24599,9815,114,0,3019,50136,18902,10829,0,319,0,0,251,0,0,15234,5410,656,2,2518
South Dakota,2019,0,14526,2387,828,1,314,4,0,967,0,27750,9891,193,0,3670,49888,19593,10635,1,319,0,0,251,0,0,16048,6400,530,2,2169
Tennessee,2010,2227,57501,8882,6865,50,1069,25,0,0,0,443767,22608,2294,301,69470,96883,76483,12105,81,46756,0,0,0,0,0,76044,12432,885,725,8221
Tennessee,2011,1774,52937,8856,5942,42,1029,30,0,0,0,412442,26451,2148,363,66911,108498,79823,11000,41,46059,0,0,0,0,0,68196,8170,262,287,7973
Tennessee,2012,1604,45611,7693,5856,17,901,51,0,0,0,357569,63585,1700,631,63912,107135,77519,11578,46,51407,0,0,0,5930,0,54628,4760,238,98,6663
Tennessee,2013,1636,54912,5929,3866,22,1045,510,0,0,0,333581,37308,1446,842,64551,113060,83547,10998,38,50639,0,0,0,10251,0,72595,5735,226,130,8694
Tennessee,2014,1526,59054,6955,5008,34,1088,593,0,0,0,365506,45989,2049,904,60478,120594,82952,12288,53,53182,0,0,0,0,0,80605,7661,223,221,8799
Tennessee,2015,148,54934,13064,4769,14,1122,581,0,0,0,314583,70184,1526,851,55919,119161,85059,10963,40,52691,0,0,0,0,0,69704,6883,294,162,7666
Tennessee,2016,0,51734,13389,4524,28,1206,609,0,0,0,329252,88257,1359,923,50523,127998,89401,12454,47,50608,6,0,0,0,0,61201,6220,196,248,6809
Tennessee,2017,0,50988,14306,5434,20,993,624,0,0,0,295243,75778,1406,910,39324,140140,73675,12686,26,46408,6,0,0,0,0,58910,5841,227,172,5414
Tennessee,2018,0,61136,14824,5423,21,1075,634,0,0,0,215034,103092,1299,891,36801,153347,72443,12746,30,47954,57,0,0,0,0,77947,6996,195,169,7159
Tennessee,2019,0,58711,15133,5827,17,1083,639,0,0,0,184546,118725,1555,879,32330,154099,71654,11754,31,44291,57,0,0,0,0,71609,7678,158,213,7490
Texas,2010,287,195021,25296,14405,130,1703,121,0,788,0,1553945,1375275,1154,5108,13828,1800506,2853986,128993,219,54265,0,0,0,0,0,233911,20533,4,28,13097
Texas,2011,300,189642,35359,26543,107,1639,233,0,1008,0,1675488,1483987,1531,6316,19450,1831177,2849882,175437,379,53290,0,0,0,0,0,205559,18422,18,16,12703
Texas,2012,280,165874,32704,24037,51,1436,369,0,890,0,1478692,1550460,1354,8532,19846,1928322,3012752,197078,157,51884,0,0,0,0,0,174830,14694,14,4,10615
Texas,2013,241,178090,29040,19735,28,1664,505,0,890,0,1575503,1455086,1021,8139,21613,1981145,3253311,188743,145,53353,0,0,0,0,0,212250,17522,2,7,13851
Texas,2014,225,191180,28265,18553,76,1734,697,224,890,0,1558256,1461971,1152,10495,27480,2055926,3062323,228131,151,50272,0,0,0,0,0,242475,18563,8,9,14018
Texas,2015,171,182097,51351,16657,42,415,928,286,890,0,1319835,1675718,1191,10845,20417,2094773,3190601,158157,203,47848,0,0,0,0,0,218847,19092,9,7,2836
Texas,2016,0,169242,51631,18778,66,366,1304,444,890,0,1309306,1579983,871,8935,13804,2129152,3270386,172274,245,48813,0,0,0,0,0,180599,19598,6,7,2066
Texas,2017,0,169467,46772,14793,28,295,1224,387,890,15,1439466,1411641,787,7520,12513,2149086,3358250,176127,131,52044,0,101,0,0,0,168814,15969,6,4,1609
Texas,2018,0,220208,46654,11466,28,391,1722,485,890,11,1178559,1689371,635,7784,10752,2330470,3715343,195801,142,54040,5,91,0,0,0,233426,16691,6,3,2606
Texas,2019,0,203190,49407,13802,35,388,2191,480,890,13,982825,1828831,540,6403,9896,2349893,3782281,185219,92,54792,20,81,0,0,0,234074,21611,6,2,2684
Utah,2010,0,40268,4062,2660,14,145,13,0,366,0,339617,50240,467,1242,16531,58334,43072,9100,4,294,2,0,337,0,0,69191,1815,116,3,1118
Utah,2011,0,42032,5290,3038,3,140,29,0,285,0,332402,41435,509,1302,13779,62257,46929,12097,2,183,4,0,337,0,0,72827,2192,136,1,1085
Utah,2012,0,36965,5028,3767,2,123,76,0,356,0,308525,48759,398,1314,13531,70607,49829,13415,2,183,13,0,357,0,0,62511,1748,149,1,906
Utah,2013,0,43452,5546,3513,4,142,102,0,356,0,340512,51128,262,1421,14718,75750,48783,16379,3,183,19,0,357,0,0,73988,2206,105,1,1183
Utah,2014,0,39874,5598,3378,4,148,172,0,356,0,330146,60454,239,1515,13908,70994,50031,18424,3,188,33,0,357,0,0,65270,1864,117,1,1197
Utah,2015,0,37439,6056,2127,2,457,247,0,356,0,314926,58477,193,1247,15117,70689,45920,13676,2,188,42,0,357,0,0,61290,1645,128,1,3120
Utah,2016,0,40826,6505,3086,5,571,393,0,356,0,255877,61638,314,1343,13139,67619,48818,12715,2,188,60,0,357,0,0,66810,1701,151,3,3221
Utah,2017,0,43053,5914,2765,2,582,583,0,356,0,263709,42298,377,1085,11106,64430,51694,14929,0,154,70,0,357,0,0,69592,2619,130,1,3171
Utah,2018,0,44158,6215,2435,2,627,720,0,356,0,264412,63190,367,770,8705,63006,51724,16625,0,154,75,0,357,0,0,70265,2671,151,1,4177
Utah,2019,0,49574,6515,2675,2,615,785,0,356,0,258293,70235,402,769,8696,62894,50624,14825,1,154,82,0,357,0,0,79528,3191,136,1,4250
Virginia,2010,2238,70669,15134,8519,216,2253,7,0,783,0,271206,144255,5399,16299,72718,70108,63292,13967,130,49892,0,0,0,117,0,90406,33715,18566,1880,17331
Virginia,2011,2384,65967,13432,6656,145,2169,20,0,1002,0,215638,146309,2700,15920,70326,75276,61143,14499,63,48460,0,0,0,106,0,81379,29796,16283,881,16809
Virginia,2012,1287,62327,15870,9858,61,1900,76,0,885,0,153359,196074,2034,17174,67624,82693,58639,16274,20,49303,2,0,0,116,0,72906,22628,12079,400,14047
Virginia,2013,1337,70638,15554,7936,71,2202,73,0,885,0,224546,177551,1982,22098,64625,87518,54072,17003,20,52779,2,0,0,50,0,88862,26156,13569,447,18329
Virginia,2014,1755,75749,17466,9208,118,2294,103,0,885,0,217987,165522,8765,32981,58441,92305,53489,17848,28,57137,3,0,0,99,0,97426,26471,14042,697,18549
Virginia,2015,1331,72417,27575,9224,74,2082,123,0,885,0,183563,256877,5779,33579,47533,99041,55649,15352,17,60396,3,0,0,115,0,89558,25733,12958,480,14223
Virginia,2016,880,70953,27474,8599,144,2258,145,0,885,0,176403,310799,3387,33594,45655,100127,55350,16265,19,56575,2,0,0,81,0,81054,21002,9854,643,12746
Virginia,2017,942,71924,28069,8999,54,2002,225,0,885,0,115841,327383,3496,28407,43029,106156,54038,14996,15,61264,6,0,0,2,0,81148,19128,8912,365,10914
Virginia,2018,723,78566,29676,10485,68,2069,208,0,885,0,105609,374014,6729,35738,43018,109227,50830,14618,13,60292,14,0,0,2,0,94171,23839,11330,386,13780
Virginia,2019,592,75324,29628,10824,74,1764,342,0,885,0,42474,428593,1516,31176,42053,112902,53413,15630,13,56973,16,0,0,1,0,86516,22575,9431,418,12194
Vermont,2010,0,2401,7133,3855,44,1191,3,0,0,0,0,56,27,6488,0,2929,10088,3181,71,1779,0,0,0,247,0,3100,16442,9673,850,9163
Vermont,2011,0,2499,7319,3732,49,1306,26,0,0,0,0,50,38,5549,0,2834,10458,3910,42,348,1,0,0,232,0,3240,15749,10209,590,8887
Vermont,2012,0,2342,7045,3039,14,1195,41,0,0,0,0,38,14,4970,0,2743,9639,3507,91,348,1,0,0,221,0,3048,13551,8238,288,7426
Vermont,2013,0,4819,7377,3268,15,1359,50,0,0,0,0,44,46,6809,0,1323,9861,2865,35,348,2,0,0,0,0,3466,15654,9346,286,9690
Vermont,2014,0,4912,7800,3566,34,1424,75,0,0,0,0,36,45,6359,0,1890,9585,3109,84,360,3,0,0,0,0,3891,17012,10185,449,9807
Vermont,2015,0,6066,9760,4759,29,2347,171,0,0,0,0,20,27,6535,0,2091,8922,3001,16,360,3,0,0,0,0,3929,17410,10862,368,14731
Vermont,2016,0,6401,7577,3314,32,2345,221,0,0,0,0,15,45,6622,0,2224,8127,3167,32,360,3,0,0,0,0,3602,16050,10005,488,12272
Vermont,2017,0,6391,6173,3196,21,2429,366,0,0,0,0,13,87,6152,0,2257,9265,3402,20,189,16,0,0,0,0,3614,17040,10271,342,12298
Vermont,2018,0,7606,7433,3155,19,2513,430,0,0,0,0,11,44,6054,0,2362,8496,3474,17,191,21,0,0,0,0,4220,17975,10544,330,15539
Vermont,2019,0,7605,7056,3215,33,2281,508,0,0,0,0,13,17,5881,0,2455,7911,3567,20,191,20,0,0,0,0,4288,18936,11496,378,14534
Washington,2010,0,53016,12106,8812,27,2447,18,0,911,512,92205,81926,211,10286,2729,73614,136469,17273,37,72004,0,0,0,28,0,78028,14624,5465,120,18817
Washington,2011,0,58135,9920,6761,20,2355,30,0,407,0,55119,40365,179,9163,1832,78514,128408,16886,18,70137,0,0,0,29,0,87884,14191,5025,72,18251
Washington,2012,0,54988,11594,6760,7,2063,52,0,778,0,40559,44250,155,6297,2097,80491,133364,14720,9,73447,0,0,0,14,0,82237,10610,3644,28,15251
Washington,2013,0,57655,11166,6773,8,2391,58,0,778,0,72944,89573,142,7663,2011,83570,124748,15030,7,73051,0,0,0,0,0,86129,10511,3498,22,19901
Washington,2014,0,56877,11953,7472,15,2491,77,0,778,0,73840,88155,165,7770,2707,82968,119893,14347,3,73153,1,0,0,0,0,82249,10540,3767,36,20140
Washington,2015,0,53112,18321,7469,8,3373,92,0,778,0,56352,103505,122,8273,1920,81389,134758,17944,2,73782,1,0,0,0,0,76475,9414,3526,22,23039
Washington,2016,0,55699,20074,7514,20,4461,121,0,778,0,51421,87946,136,8446,1881,85516,132474,18731,1,79782,2,0,0,0,0,82329,10868,3535,39,25184
Washington,2017,0,64894,16438,4248,10,4778,174,0,778,0,60314,87075,162,8266,1418,87096,126469,17899,2,74558,3,0,0,0,0,98296,13625,4803,25,26043
Washington,2018,0,61953,20954,7918,10,4189,214,0,778,0,59785,83296,149,7761,1381,83999,130958,22514,1,72204,3,0,0,0,0,90806,12172,3493,20,27893
Washington,2019,0,66198,17124,4295,17,4582,264,0,778,0,79356,115167,130,6124,1482,85165,130928,24973,1,69711,5,0,0,0,0,97618,14550,3624,31,31676
Wisconsin,2010,3014,83024,7549,3820,25,2870,56,0,0,6,420346,43076,499,10720,35082,122618,76078,21219,38,63382,0,0,0,1318,0,124850,30422,6343,151,21843
Wisconsin,2011,2675,88287,8229,4814,17,2752,74,0,0,0,410520,48280,483,14787,34175,128674,79180,22085,34,60514,0,0,0,1491,0,131300,29557,5439,207,21186
Wisconsin,2012,811,78464,7318,4437,10,2395,148,0,0,21,341229,88409,575,15753,31241,126786,75208,22793,13,60049,0,0,0,1110,0,114770,23364,4143,36,17704
Wisconsin,2013,869,102141,7113,3577,14,2789,138,0,0,0,422247,62314,410,15017,31437,139737,83304,25087,12,59500,0,0,0,1481,0,146877,30479,4597,54,23101
Wisconsin,2014,713,110962,7853,4048,29,2894,152,0,0,0,384088,61589,712,17642,32294,146902,84929,26104,22,54029,0,68,0,1501,0,155974,32638,5334,92,23379
Wisconsin,2015,536,94398,13349,4142,13,4288,158,0,0,0,380596,102997,385,17373,27057,143111,80929,25305,14,53164,0,69,0,1519,0,132795,28344,4481,54,29291
Wisconsin,2016,567,92739,13267,4111,26,4449,128,0,0,0,337982,121819,403,14325,18787,151430,76821,23636,36,54655,43,67,0,1623,0,131192,26605,4111,82,25115
Wisconsin,2017,529,94094,14393,4523,17,4493,188,0,0,0,368339,109171,419,14498,19746,161126,80555,25434,18,52921,104,69,0,1549,0,136267,26389,4064,49,24490
Wisconsin,2018,534,104847,15218,3733,19,4465,316,178,0,0,341958,131826,473,13615,19586,172547,77801,25201,15,53630,124,62,0,1284,0,151487,29460,5002,54,29734
Wisconsin,2019,535,106619,14817,3589,10,4214,365,191,0,0,262276,151254,655,14071,17296,170696,73720,25624,27,50598,153,66,0,1019,0,159117,37524,4879,78,29134
West Virginia,2010,0,26809,2291,1286,43,2498,0,0,3,0,784297,1550,1567,0,63832,41097,53109,28795,105,1098,0,0,0,4862,0,29085,5218,1594,382,19210
West Virginia,2011,0,26120,3349,2402,18,2404,5,0,3,0,759336,2673,1885,138,63309,45712,54214,28138,40,1008,0,0,0,5428,0,27181,4626,1389,188,18632
West Virginia,2012,0,24462,3107,2181,4,2106,10,0,3,0,705989,2453,1441,118,50727,54370,53136,26899,22,1008,0,0,0,5205,0,24358,3765,1094,90,15570
West Virginia,2013,0,26112,3533,2215,17,2441,10,0,3,0,724548,2960,1551,45,46640,63407,54986,29617,21,1008,0,0,0,6284,0,28547,5532,1513,100,20316
West Virginia,2014,0,26320,3346,2513,17,2543,10,0,3,0,771699,6984,1634,54,44761,84090,53355,29571,37,1040,0,0,0,5029,0,30859,4317,1376,202,20561
West Virginia,2015,0,25315,5123,2657,23,1392,12,0,3,0,689903,14117,1421,66,41046,92361,44407,17634,20,1040,0,0,0,5151,0,27273,4853,1671,148,9508
West Virginia,2016,0,24935,4966,2389,13,1511,12,0,3,0,721327,10901,1238,0,30631,104796,38226,10190,17,1040,0,0,0,4576,0,25498,3999,1550,208,8528
West Virginia,2017,0,24293,4669,2086,10,1505,19,0,3,0,684156,11204,1196,0,26289,118633,40126,16621,5,918,1,0,0,4917,0,24254,3225,1152,112,8201
West Virginia,2018,0,27361,5171,2471,16,1458,22,0,3,0,633418,11531,1665,0,28341,132784,44232,19640,17,911,1,0,0,6261,0,28668,4009,1419,121,9708
West Virginia,2019,0,25615,6085,2600,20,1378,34,0,3,0,593536,17545,1324,0,28186,142983,47034,20809,15,911,1,0,0,5014,0,25887,4622,1590,140,9525
Wyoming,2010,510,11501,4289,1420,5,157,0,0,463,0,452671,586,601,0,31058,107882,60326,28983,1,126,0,0,66,0,0,13317,3486,146,1,1209
Wyoming,2011,547,12079,6736,2193,1,151,0,0,549,0,434569,410,565,0,32555,117021,66819,33611,0,110,0,0,66,0,0,13736,3727,129,1,1173
Wyoming,2012,458,10840,6004,2444,2,133,2,0,528,0,458606,484,454,0,31064,118077,65966,32868,0,110,1,0,65,0,0,11895,2783,132,1,980
Wyoming,2013,485,12521,5510,1960,1,154,7,0,528,0,488808,517,408,0,31406,112905,59747,28189,0,110,2,0,65,0,0,14217,3051,181,0,1279
Wyoming,2014,420,12678,5599,1833,0,160,7,0,528,0,456946,834,387,0,31935,98946,64488,34107,0,113,2,0,65,0,0,13803,3188,121,0,1294
Wyoming,2015,174,13716,5246,1547,3,612,8,0,528,0,457661,1283,430,0,29342,85417,57587,26866,0,113,3,0,65,0,0,12273,2322,146,1,4178
Wyoming,2016,149,14423,4717,1665,2,638,11,0,528,0,425087,1586,430,0,32079,90063,51530,21887,0,113,3,0,65,0,0,12891,2714,116,1,3604
Wyoming,2017,285,14812,3087,1545,1,769,14,0,528,0,426707,1371,428,0,31505,114439,54127,24192,0,88,3,0,65,0,0,13307,3623,117,0,4189
Wyoming,2018,187,14644,2429,1007,1,632,15,0,528,0,424234,1967,371,0,31327,128888,58362,28730,0,87,3,0,65,0,0,13959,3390,114,0,4210
Wyoming,2019,147,13963,3418,1040,0,616,19,0,528,0,379251,3448,423,0,30824,119957,51079,22679,0,87,3,0,65,0,0,15103,3620,107,0,4257
